temperature,heart_rate,blood_oxygen,label
37.49671415301123,83.99355436586002,97.32482172502561,dangerous
36.86173569882882,79.24633682912769,97.85548132928449,normal
37.647688538100695,70.59630369920174,97.20758007900004,normal
38.52302985640802,63.53063222294426,97.69203847036096,dangerous
36.765846625276666,76.9822331361359,96.10638533304622,normal
36.76586304305082,73.9348538542175,98.21329370737294,normal
38.57921281550739,78.95193220027733,98.00120547536223,normal
37.76743472915291,76.35171801681969,97.18291136893181,normal
36.53052561406505,80.49552715319335,98.6592456684324,normal
37.542560043585965,64.64764788439432,98.93757013762657,normal
36.53658230718754,83.17394065634326,96.39244013563102,dangerous
36.53427024642974,71.975996046924,97.23727522143379,risky
37.24196227156603,90.75260872625265,97.2308576502127,dangerous
35.0867197553422,63.10812181910432,97.06009689889113,dangerous
35.275082167486964,87.3596380316525,98.82947484193174,dangerous
36.437712470759024,71.97910783462648,97.8061738612272,normal
35.987168879665575,63.48581996385552,97.73548515868939,normal
37.31424733259527,65.16114165945679,95.99613763559324,risky
36.09197592447879,66.7965269180568,98.63541803020922,risky
35.58769629866471,74.24165946401916,96.76074160514652,risky
38.465648768921554,75.228354880355,98.05993263026633,risky
36.77422369951346,64.26299996061421,98.2773769379582,dangerous
37.067528204687925,69.75645407739017,99.36065859583866,risky
35.575251813786544,91.42270358611864,96.69117960088089,dangerous
36.455617275474815,87.27543170100711,94.98048784417918,risky
37.110922589709865,74.36323669674032,98.1838495447537,dangerous
35.849006422577695,70.380034781682,99.80051118151086,dangerous
37.37569801834567,71.20031326718261,99.23894635293944,normal
36.3993613100812,76.13517972730416,98.20965941527463,dangerous
36.708306250206725,59.77207434801595,97.50836381436795,normal
36.3982933877706,67.42623462576655,98.80712259663731,normal
38.85227818450894,53.314159261224106,97.02645380029553,dangerous
36.98650277526207,73.9922312260528,98.47635776935621,normal
35.9422890710441,76.4719593970274,98.50547015916662,dangerous
37.82254491210319,65.16813537700627,99.06020990749887,dangerous
35.77915635002898,85.73986763290033,100.75966003891108,dangerous
37.20886359500476,57.74234336997659,98.39241596717876,risky
35.040329876120225,55.3562511979018,97.4910363742925,dangerous
35.67181395110157,72.24451818559972,97.97442568780801,risky
37.19686123586912,80.47098302612154,96.23092409511088,normal
37.73846657999541,86.83927691457869,97.30528686891094,risky
37.17136828118997,65.4111573713106,97.59071756188689,risky
36.88435171761176,80.78680833431295,97.47591160206541,risky
36.69889630441071,69.61491530499293,98.15235487203373,risky
35.521478009632574,68.2737270005918,97.1775800676178,risky
36.28015579160529,78.83659937486672,99.12103066732448,normal
36.53936122904021,76.52322878413419,98.0002070649182,risky
38.057122226218915,54.236078430157505,97.99069967886139,dangerous
37.34361828956846,84.76540349725896,97.67210528348708,dangerous
35.23695984463727,83.80091354147451,98.15519068385898,dangerous
37.32408396939479,63.74437298490471,98.82509826466763,normal
36.61491771958369,73.95803533437409,97.1328697842891,dangerous
36.32307799969404,74.94030186282738,97.34188351092475,dangerous
37.61167628884087,72.60673765823907,97.69627397122333,normal
38.030999522495954,64.4969484615458,96.65412907652679,normal
37.931280119116195,63.283766320619485,97.1807421402785,dangerous
36.160782476777364,69.74445929008554,97.52377912645534,risky
36.69078762414878,81.72729019259364,98.87438918071273,normal
37.33126343140356,75.43600154594432,98.26256132900193,risky
37.97554512712236,66.29385667913894,98.19358991136754,risky
36.52082576215471,77.71698710648344,98.85089796216798,risky
36.81434102333618,41.51457379369924,97.86262821160061,risky
35.89366502599397,81.48765700372104,98.39046484992889,risky
35.80379337591933,52.60286221221901,97.8967782470675,risky
37.8125258223942,66.37559058596868,98.26536234939962,risky
38.356240028570824,58.803301053738565,97.41724134238842,risky
36.927989878419666,57.053185242790946,95.56118284172356,dangerous
38.00353289789202,81.6082678737852,97.8657208378137,dangerous
37.36163602504764,65.32298798688109,99.42274813609994,dangerous
36.354880245394874,73.46503881730716,98.9262154022416,normal
37.36139560550841,69.53079421120816,98.96539748459116,risky
38.53803656646597,74.77040827223121,99.23613072180622,dangerous
36.96417396089005,70.76821891060256,98.08865759096143,dangerous
38.56464365581401,57.1700777581143,98.1973157074056,normal
34.380254895910255,79.9626681944714,97.38234810456565,dangerous
37.821902504375224,65.06243416838687,97.68392714397295,dangerous
37.08704706823817,54.434181013402494,98.61577114977113,risky
36.70099264953413,65.71884839034088,99.20388443716881,dangerous
37.0917607765355,85.00759790634311,97.860553724319,risky
35.01243108539911,78.50221742113493,97.54981073514858,normal
36.780328112162486,66.5134786559214,98.0005279588566,dangerous
37.35711257151175,66.50742295681572,98.60120674892912,risky
38.47789404474152,66.78364948782617,96.55614518386646,risky
36.48172978172635,90.76747983560841,95.70381904686276,normal
36.191506397106814,73.81935452231554,97.44946315050842,dangerous
36.49824295641546,74.3004164719107,96.77928757408584,risky
37.91540211770207,80.30283454031843,97.49185980235269,dangerous
37.328751109659684,72.38789159026514,97.85221968118253,normal
36.47023979623296,67.40957854179297,97.54675159097698,risky
37.513267433113356,68.03650150915021,99.45246753447074,normal
37.09707754934804,69.28398740585936,98.32674476460232,risky
37.96864499053289,69.62777763490159,98.30047435961083,dangerous
36.29794690612265,77.2762954363698,98.6222071440434,normal
36.67233785340223,70.519458858073,96.86116688221924,normal
36.607891846867844,77.3264007721558,99.03911178742027,dangerous
35.536485051867885,69.19283419891417,97.92423571346454,normal
37.296120277064574,70.7863519031609,98.67048061724121,risky
37.26105527217989,50.01799315467892,96.92814276695985,risky
37.00511345664246,79.16327674702481,96.44624123398394,normal
36.76541286662485,73.46488475897992,98.81788965802502,normal
35.58462925794959,79.98010109859652,98.37640952609752,normal
36.57935467723464,41.03744621806311,97.09794844564249,dangerous
36.65728548347323,90.88374704780728,97.1303369187253,dangerous
36.19772273077838,68.60410371844826,99.12543478441476,risky
36.83871428833399,81.08182816737516,96.81058810713267,dangerous
37.404050856814536,59.60094072874469,99.64267295325597,risky
38.88618590121053,76.12773905062569,97.09937926535213,dangerous
37.17457781283184,59.46584436826344,98.63839192560839,normal
37.25755039072276,63.76231039304195,97.67138152425102,risky
36.92555408423383,89.14031353866787,98.60318743108235,dangerous
35.08122878470096,68.09317599236654,97.4558859978858,dangerous
36.97348612455078,72.17432873179723,97.8372070939277,dangerous
37.060230209941025,78.70067730688754,98.04091917539571,normal
39.46324211248529,74.95681887972604,96.99781254421853,risky
36.80763903521888,71.50418905143576,98.74082434542012,dangerous
37.30154734233361,73.64961002466225,97.48678643352841,normal
36.96528823029475,94.03415585238275,97.77140008465999,normal
35.83132196238047,69.42381202966415,97.00565062539148,risky
38.14282281451502,72.01099046714967,95.43766634120469,risky
37.75193303268677,80.50654396007612,97.80897223739983,risky
37.791031947043045,81.05525932957984,100.41261542161291,normal
36.09061254520526,81.8703030556038,98.78460428789802,dangerous
38.4027943109361,76.38730222029184,97.98073962026561,normal
35.59814893720772,58.569950872695166,97.73710917079173,normal
37.58685709380027,86.33431532301096,98.02246589281205,normal
39.19045562580998,58.53654606981312,98.5471191151752,risky
36.00946367486931,73.02635465239034,96.81918718469116,dangerous
36.43370227039723,62.45724149980642,99.11432169466887,dangerous
37.09965136508764,69.35861653407008,98.71538131544125,risky
36.4965243458838,73.2876241030348,98.71818572570794,risky
35.449336568933866,73.21357215450273,98.43847573880973,dangerous
37.06856297480603,74.21920754235285,98.01961665769399,risky
35.9376962862739,86.13711269058646,98.67286123596682,risky
37.47359243063518,74.5353430151398,98.59181413374138,dangerous
36.0805757657662,67.55843364709351,97.64595928905898,normal
38.54993440501754,79.64087168288357,97.42639822710309,risky
36.216746707663766,81.89470488924641,98.10185629526198,normal
36.67793848379432,57.72392184863008,99.54902015149518,dangerous
37.81351721736967,75.97400069849859,96.7608929243461,dangerous
35.76913568356604,77.01172742310898,96.53247473424756,risky
37.22745993460413,67.02436496640009,98.16476084123651,normal
38.30714275428243,83.75706813311619,98.05088770185601,risky
35.39251676543877,68.49944412967473,98.17334166437041,risky
37.1846338585323,71.25576453471542,98.2439531979085,normal
37.259882794248426,68.26928175716131,97.7767977453652,risky
37.78182287177731,70.15579047581467,99.48986343860209,normal
35.763049289121916,59.037249131047986,96.39909602152349,dangerous
35.679543386915725,55.59949117405706,97.17150297521975,risky
37.5219415656169,85.94505063224972,97.89674523985096,normal
37.29698467323318,61.53038651681672,96.35681118884584,normal
37.25049285034588,60.08607650543693,97.82414559556793,normal
37.34644820949698,48.466098863962856,99.66147016572802,risky
36.31997527842151,63.610382523104974,98.02088648829596,risky
37.232253697161006,56.76910206592502,98.23070090571868,normal
37.29307247329868,86.4201516013637,96.73983523482742,dangerous
36.28564858197363,80.09817089342634,97.38363859196052,risky
38.86577451114476,63.118496548222765,97.62480361967606,dangerous
37.47383292091179,92.52435805344308,97.68228490324377,dangerous
35.80869650279735,79.81765486991594,99.28164379500377,risky
37.65655360863383,66.75168616491378,98.55769106072512,normal
36.02531832977268,45.005942851264265,96.88854204306297,risky
37.78708460374245,92.90942572590743,98.246504778432,dangerous
38.158595579007404,56.10427533236404,98.49822174849679,risky
36.17931768164829,53.546012530431085,99.14014903852127,normal
37.963376129244324,80.2257043200964,99.58054068656837,dangerous
37.4127809269365,94.39752406339272,96.98490580817213,dangerous
37.82206015999449,83.84272818510519,97.18914248878966,normal
38.89679298265395,75.6390912005236,96.74242214108538,risky
36.75461188399713,75.94754341665286,97.76598014089302,normal
36.24626383564251,78.53415558780307,98.46635837444633,dangerous
36.11048557037448,77.58928589786765,98.9873345165891,normal
36.18418971503456,72.81191423969376,97.92404897635748,normal
36.9228982905859,71.04201103951875,97.68015247674515,risky
37.34115197481665,69.37406872100478,98.15175799224875,risky
37.27669079933002,62.46035411133324,97.16485709836998,normal
37.827183249036025,67.19324923133226,100.08953872169478,risky
37.013001891877906,53.07043185804615,96.39233897288194,normal
38.453534077157315,69.0166037320525,98.18474057889573,risky
36.73534316676204,60.11408892849083,100.02360621922963,dangerous
39.72016916658962,58.964106827842286,98.00679984455999,normal
37.62566734776501,71.79894151153478,97.80996096499851,risky
36.14284244358372,83.920022863446,97.64255457718957,dangerous
35.92910750193889,79.18316606002313,97.8196083182376,normal
37.48247241524319,54.29499396376823,99.37284847467653,risky
36.77653721467415,60.10371863429663,95.7881380886705,risky
37.71400049409209,79.40771187988216,99.53343370129633,dangerous
37.47323762457354,60.175126064616904,96.57604284754986,dangerous
36.927171087343126,67.75366850002976,97.73334767076558,risky
36.153206281931595,75.50052099024552,97.57075557970134,normal
35.485152775314134,60.31655545136365,98.58855326977071,dangerous
36.55348504793298,71.0537550614596,96.40187564811625,normal
37.856398794323475,56.65974505081795,98.46217266608194,risky
37.2140937441302,63.98632356048786,100.02430962328685,risky
35.75426122128801,73.19781934142537,96.6368259954072,dangerous
37.173180925851184,54.070062664683306,98.1897061676104,risky
37.38531737972884,74.40474737960399,97.3380178222034,dangerous
36.11614256379887,69.80362201073319,98.42588720619304,risky
37.153725105945526,75.52489954417148,98.01914777741575,dangerous
37.058208718446,72.23914134064661,97.3585130909557,dangerous
35.85702970216938,83.64140429973844,98.48787228487107,normal
37.35778736034828,71.25224502647907,99.80434810978674,normal
37.56078452636824,65.70594458874747,97.8090962082727,normal
38.08305124317528,71.22297503032284,98.71975794214818,normal
38.053802052034904,75.43298029036387,96.70672704212883,dangerous
35.62233063204291,70.48860070325705,97.043563623182,normal
36.062174960084874,70.40591691203882,98.47240627788038,risky
37.51503526720866,62.980083121932445,99.48411602853596,dangerous
37.51378595091221,63.37099082449052,98.35561334878567,normal
37.51504768630605,55.97394728200307,97.68694196947685,normal
40.85273149065472,87.4957674318694,97.99929140542335,normal
37.57089051069317,57.56136764608715,96.74959226603028,dangerous
38.1355656401806,63.07094802204092,98.60451532635537,normal
37.9540017634932,62.81592734430802,98.88233306232341,dangerous
37.651391251305796,78.94924376944441,97.54790966716692,risky
36.68473075535965,67.05050321707972,97.5299578522405,normal
37.75896922049327,82.47742072673734,98.26587822965205,dangerous
36.22717478546243,63.26509375756132,97.5632802639594,dangerous
36.76318139325999,72.78994162223802,97.93386738537417,normal
36.5146364521709,61.64652946740243,100.09972178916651,risky
37.08187413938632,91.45149127773388,97.752974299254,dangerous
39.31465856667351,58.12401580970487,97.64165984797877,risky
35.132734807408255,73.09820710227028,97.35245819436484,normal
37.68626019037451,76.33776880932099,98.74419197149993,normal
35.38728412881035,74.13799097451498,97.8187758267819,dangerous
36.528068134210564,68.14712341122292,97.35062696167857,normal
38.088950596967365,68.70179300266574,99.321304032273,normal
37.06428001909546,70.4381147197911,99.41960300451363,dangerous
35.922255222070696,68.52997998371511,97.39957643426129,risky
36.28469629074003,79.6387911679491,96.13346004863938,dangerous
37.679597748934675,92.10523001591352,99.00751368983693,dangerous
36.26963336828286,64.42508214992166,97.31537017424,dangerous
37.216458589581976,56.301970204209226,98.79062559916277,dangerous
37.045571839903815,69.11717951648745,96.02989618228817,risky
36.348399652394185,95.79709337654319,98.89259733829931,risky
39.14394408932532,61.963254320302696,96.78882807071922,normal
37.63391902231801,86.39116805444067,98.73076411906652,dangerous
34.97485741334239,86.77700814076441,98.01427306783643,dangerous
37.18645431476943,64.46411758292005,97.04606058060335,normal
36.33821353523161,75.68983079185276,97.59296368707322,normal
37.852433334796224,86.28396623128538,98.6863184569567,normal
36.2074792615673,66.20872259012513,98.10589445311524,normal
36.885263558533104,67.96419639897638,98.58441298047248,risky
37.50498727898046,64.18319086051356,99.97644058451549,dangerous
37.86575519417012,59.852432693071336,96.43575838828895,risky
35.799703592944226,63.50722454933993,99.61721257496862,risky
36.665498764159054,57.760597332377436,98.10435593752321,dangerous
36.52505468883904,70.34083468259226,97.10121595167688,risky
36.34667076742629,62.30026768941358,96.669686374261,dangerous
38.765454240281095,72.33785911790747,97.81087960922297,dangerous
37.40498171096095,54.44104353796373,98.92165011192446,risky
35.73911604566496,73.30880232214457,97.87245087962246,normal
37.917861947054774,78.33528961608924,99.51115493024734,dangerous
39.122156197012636,50.062643574285445,96.54882430994844,dangerous
38.03246526055115,73.74056569847572,97.98791105215395,dangerous
35.48063003404599,82.27668992473292,96.74760655558688,risky
36.51576592713375,57.90358981308795,98.36363188262497,risky
38.266911149186626,86.72572386837703,98.8868873900973,normal
36.29233053438122,74.19019009366045,97.57923820631895,dangerous
37.44381942814623,62.949881442415915,95.39578614337286,dangerous
37.77463405342934,69.44230922342294,98.1989481467965,risky
36.07306952842192,75.58326912521723,98.43673855173351,normal
36.9404746439382,70.76005391412411,98.4042947549617,normal
33.75873265993093,75.38755992446369,99.23578219182215,risky
35.97561235866571,60.79326406920634,96.92894632035095,normal
36.74743184860684,71.69360824036077,98.68021610545046,dangerous
35.75221681803515,55.8628550309502,99.19250751247797,dangerous
38.63241130393163,68.88773938651299,96.22141241599348,normal
35.56985862203937,60.960923585352106,98.31965182591898,dangerous
36.55995551330302,62.64470057410233,97.49582016899232,dangerous
37.13074057728609,82.36093175210438,97.91847732689835,dangerous
38.44127328906612,80.9131012059427,98.34767648353834,normal
35.56413784882056,76.09138120907177,97.51277143588645,normal
38.16316375215496,59.07687235327421,97.32429192083839,risky
37.01023306101958,66.83591550305198,98.03415241748803,dangerous
36.01849134895205,82.13097699979184,96.91275406113719,dangerous
37.46210347426327,71.41716913639905,96.91417487111481,normal
37.19905969557347,93.19329539981695,98.6793732829565,risky
36.39978312284121,73.93317839394372,96.85120596484134,normal
37.069802084990016,71.92049116490031,98.66631250090921,risky
36.614686403138236,66.908835357975,98.46259129285396,dangerous
37.113517345251246,71.33540904782282,96.2741932712094,normal
37.662130674521045,68.47530163619456,97.32243534766434,risky
38.58601681614535,77.0810867668859,99.19410940304738,dangerous
35.76218450117315,79.56702316794585,97.01883446886032,normal
39.133033374656264,62.140105394920504,97.53559573769061,normal
35.0479122004775,56.68767046442222,98.4620608932519,normal
36.848214904964415,51.637946268967035,98.7833905092826,normal
37.588317206484575,75.07991326912544,97.7484611139555,normal
37.28099186773503,58.966333938261265,97.40248980530836,normal
36.37730048017941,48.471094070475175,99.42236986169851,risky
36.79187774964272,73.88578604530964,99.73889966379758,normal
36.50699906534117,94.9299951743279,98.9788580507818,dangerous
36.410635243055786,69.93929088460106,98.08531814256503,dangerous
37.84960209702103,78.38490774451643,97.19173427835908,dangerous
37.35701548596505,70.81829358547564,97.16955559344343,normal
36.30709040473935,69.01110346808858,98.52251410526576,risky
37.89959987543325,79.19076482987768,98.41839822088869,risky
37.30729952087661,67.09725455811349,99.40159859294643,dangerous
37.81286211883896,72.67392314071903,98.65045009253613,normal
37.62962884192361,73.21697806196013,96.49691969824018,normal
36.17100498907793,63.31909546356951,99.05194761772292,normal
36.43981895980303,79.92042349536523,97.00193937268558,risky
37.74729360512326,68.25040243304592,97.61602872804765,dangerous
37.61037026543347,62.442548405071555,98.25020020625169,normal
36.97909840603585,75.36509843570404,99.99566748978397,normal
37.11732738330878,61.015320182089624,101.10991855600535,normal
38.277664895788426,70.28181157369129,98.60672305913619,normal
36.40842861116417,69.90881003355797,97.81680338127961,normal
37.54709738117004,80.85895565831578,98.53450564848055,normal
36.797807347566106,74.74698232879953,98.88765542587383,dangerous
36.78231879677278,69.74973041254856,97.67933237444281,dangerous
38.09877685198719,78.17766299200287,99.79521135591233,normal
37.82541634898803,83.90207549017313,98.2300707591914,normal
37.81350963600064,75.57810306351863,98.4977430890914,dangerous
38.30547880715433,70.10352619843381,98.66592425205447,dangerous
37.02100384163276,56.8816376764984,98.42158661061445,dangerous
37.68195297129496,59.348863369246274,98.83894050046962,dangerous
36.68973324340654,66.94775295645333,97.38274681345308,risky
37.32416635248844,63.90487797840717,97.44169824605397,dangerous
36.869856945632314,68.13028697014553,96.89984576702831,dangerous
37.096995964992715,70.56649924897107,98.43950123062022,risky
37.59515702543691,75.2969275435673,98.77893650351211,dangerous
36.18177931676653,69.29501221940909,98.45777286615188,risky
39.09238727568546,74.86501643826202,99.67449243334754,normal
35.9939826185003,70.6447441481012,97.99440398117095,risky
35.78581138721227,50.24533433646128,98.66874165559251,risky
38.15811087350007,60.606646061812455,96.90829912386069,dangerous
37.791662693962934,68.55912444278384,97.6129002975256,dangerous
37.624119817052154,57.90305257158892,98.69553775756577,risky
37.62834550926428,75.99928729996205,98.84910211074315,dangerous
36.987753227153085,85.30750832343698,97.70603305233581,normal
36.10274562851417,82.18761851697317,97.92840074814194,dangerous
37.075804558193724,67.86557129069791,96.4821262533192,dangerous
36.32283828848789,84.90726136849952,97.64297079919339,normal
37.97511973341775,71.48667457202112,98.89038316351979,dangerous
36.85294261849786,66.62914028881961,98.57520501610657,normal
36.17450280320749,63.8659733645906,98.50066572138121,risky
36.67861415834701,66.97530313511872,98.04977368718096,normal
37.41293145427562,66.11823181458772,98.00706315862817,dangerous
36.436275447196024,71.70416222375488,97.33967886052655,dangerous
36.17777960443357,71.60573981049865,98.69882842020253,risky
37.24368721149191,70.03046020153414,98.42097294438939,normal
37.24496657110872,74.3693816974635,98.4920188479928,dangerous
36.49305682462887,81.90646274786342,97.47396515733242,normal
36.52896169438168,79.49554135441323,95.84665708012875,normal
37.23204993735764,55.151020315500965,99.0971527117537,normal
35.55191565850268,44.46078865098045,97.5211625439916,risky
35.59253622562345,79.34319911239274,97.13722423595688,risky
36.28155577874757,56.33121301584579,98.693478911914,dangerous
36.78655284828815,67.75234598107316,97.60798736008087,dangerous
37.31090756559801,58.298869739406406,99.05993638404662,dangerous
38.47535621694955,51.9801956241998,98.6170059495767,dangerous
37.85765962320202,75.41462728204787,98.68356932320047,normal
36.840061470036574,77.59155160302647,96.63404428879947,risky
36.98098379209731,64.2348959927328,99.2119439853864,risky
35.99747063536219,44.0895770785509,98.26125053123386,dangerous
36.98148686400761,64.53755551747517,97.63072286075379,normal
36.71134136107986,73.91804005402547,98.14338846734225,risky
37.32271856033809,55.21088431225871,96.22376476710168,risky
36.17276905644768,71.83359919779156,98.40865281148066,normal
37.51934651424117,69.84690150827005,96.97062849181793,dangerous
38.532738913002575,75.79291499601088,96.64732971415647,dangerous
36.89123985154314,71.19580368414154,96.4776408137821,dangerous
37.401711722098945,60.26931059118444,99.11268837498993,risky
37.69014399171111,81.96571501664491,97.3707366063072,risky
36.598779528114164,68.4147042697303,99.5337277099165,dangerous
37.224092481810416,69.72695460490068,97.4641985369477,normal
37.01259240078179,60.667320409268044,96.29264204240705,risky
37.09767609854883,65.5671774880849,96.88347556005134,dangerous
36.226990216144536,61.15197285973099,99.23581162000694,normal
37.02451017425894,68.27053940076577,97.84410182206334,normal
37.49799829124545,87.11708480142343,97.4517127035094,dangerous
38.45114360779504,56.28098857068643,98.16001822585278,dangerous
37.95927082608521,53.86438602123259,98.50178273616754,risky
39.153182457511555,84.71170327493608,99.11739881590246,risky
36.23265243711195,67.90676322848134,99.44849922989293,dangerous
37.87232063672068,63.309272613400836,97.64023135421091,risky
37.18334200573835,80.39904687396077,96.67395231391797,normal
39.18980293321767,63.94384460263136,97.58653483887673,dangerous
36.19170171464485,88.26009713546937,98.26028050658289,normal
36.16027815781922,76.7792587133927,97.03624107378938,normal
36.40060735455598,65.12088591854297,97.04284908510496,risky
34.876104275690196,91.57308213265503,98.34378788154989,dangerous
36.47424497831924,63.94285076996662,97.95134764842955,normal
36.2408673384463,77.42095372009307,98.03279699541159,dangerous
37.15039378647621,72.99292580406492,97.24150466529993,normal
37.34175597577716,83.01741289398798,97.76959928579423,risky
38.87617083921589,85.61511196726853,97.0757668557317,normal
37.95042383818605,70.32004149065767,98.89019841112479,normal
36.423096344337594,62.46582129653817,99.03524933472376,risky
36.101585328651645,74.59972142939117,96.1538121377619,risky
37.4919191715065,63.22284630247894,97.07048913980759,normal
35.67976679297936,90.13387247526623,96.50347074490992,normal
38.83145876585435,71.36535331082737,97.3499760655931,normal
38.17944012072129,66.34678448687892,97.91656203020963,risky
36.5308243478953,71.84680305864909,96.55035478030148,dangerous
35.28686547090912,56.52873710470303,97.07814018687469,risky
38.35387237416541,60.28385961489349,96.9960426279185,dangerous
36.885460154747385,82.00413907944426,98.20726732939895,risky
38.23781631197346,63.43105721028604,98.06934433703626,risky
35.405572341205634,59.5308901731806,97.27826244666275,normal
36.40062497704623,75.36652752527286,98.1768208721394,risky
37.005243699718186,81.85704154662997,97.45331991541273,risky
37.046980593764744,77.18953310665067,97.72834488967395,dangerous
36.54993452852076,79.96047685805816,99.67345209029854,risky
37.6228499323475,62.43204911430539,99.34046105179034,risky
35.93237957061741,55.78189333258156,96.7004187630724,normal
36.857620514978706,85.01333651955487,98.82973241787917,normal
37.1202956317119,66.77320161157864,98.8113965544916,normal
37.51443883405875,67.49166983544953,96.85173671124738,dangerous
37.71161487808889,83.28194141849058,98.81877764375486,dangerous
35.87535790816213,75.5623000940066,99.53793191841255,risky
35.46588582926438,74.55887772081607,96.87745519375558,normal
38.27767682189851,91.65002344901083,97.08249717898573,dangerous
37.33231401197959,63.564817696198574,99.0176614668435,risky
36.251513463443445,79.27840128081237,98.27149531082564,dangerous
38.55115197552252,70.57013124897084,98.55147627523952,risky
37.11567463429286,72.68592278863257,98.3405892164005,risky
38.17929718406383,85.28468426412532,98.39069592092814,dangerous
37.06751848141011,75.07835756289624,96.67352787168892,risky
39.06074792488199,75.38296079049633,99.04731770662144,risky
38.7553408424432,80.72507337309803,99.16958999242777,risky
36.751035851520925,66.35047270457115,97.77060925593197,dangerous
37.97157095095436,61.607903326609936,97.95652305018614,risky
37.645375949585144,59.55190805978967,96.46889249744427,risky
38.368631557532346,50.33643410623998,98.51425475601783,risky
36.0350765394199,90.56207129940321,98.57205744171415,normal
37.68605145999844,58.96791634278317,97.93780898300069,risky
38.05842448684959,67.78746376414227,99.1243533598705,risky
35.24126051357688,67.2318670011108,97.66592276902006,dangerous
35.81674148733423,73.07406697809101,98.5646059258936,risky
34.9607678222399,78.15737212539297,96.98033566130789,risky
36.73059316555544,78.60473488359746,97.97644784912576,risky
37.71754225579596,64.16922561431062,97.82564574209717,dangerous
38.50235705209603,68.32878286213588,98.22530792204094,risky
37.07409478041978,72.825799504883,97.63047307116665,normal
38.62861554557129,67.51308873816453,97.86852740432833,dangerous
35.61989854178511,86.07345576019992,98.8260471714415,normal
35.29661756064485,74.90974951638252,97.56323576276178,risky
36.94445230110338,77.34877786049817,96.39342289926132,normal
37.38406544893931,76.62881268667412,99.74958390420542,risky
36.967305251905906,81.73473857485325,99.38145407869048,risky
34.93255789996012,71.81021558703706,96.70773730489438,risky
36.910879960487215,57.03168052044153,98.68970780524519,dangerous
35.69553049949515,73.99687951752642,97.49702522944865,dangerous
37.669672548830036,63.48643106208171,98.26348721533105,normal
37.36659824609685,64.71383318250243,98.2942241290135,normal
36.06012021367265,75.86364018755093,97.76559219968368,dangerous
36.48613308266331,82.38283071433636,97.2162343344136,risky
35.94078647811105,70.21271576736062,97.30945894768374,dangerous
36.93732090272683,73.08833012598964,97.08380808451875,dangerous
37.95514232050124,87.02214944635239,97.16817779176955,risky
36.01427395366446,72.40753179488568,97.93282170995064,risky
37.50404651551784,96.01683114180395,97.28424001088925,normal
36.46974238162756,75.65509645631545,98.68205206571263,normal
36.20712716773765,52.39237240844182,99.48724615533592,dangerous
36.89296964004544,77.53341621104532,97.41994675862996,risky
35.96475767758063,73.81158384882778,98.23940450053537,dangerous
36.44635069465282,82.89752754082745,98.49968511030293,dangerous
35.80212210741115,76.73181351269959,98.47200227091928,normal
38.96472513291639,68.61544016016227,98.07595526791609,risky
37.03526355197173,57.757017637106344,98.74268241835972,dangerous
36.30027449200742,67.90976742713974,98.48224895268066,normal
37.213979910734224,61.494795457907,96.7623375776727,risky
36.88767195030917,64.19476550195277,98.86915606438927,risky
36.77903040046678,75.88578404420609,98.88729083726675,dangerous
37.61416670004343,86.69904504351406,97.23671389582142,dangerous
37.75750771004731,73.9467152982298,98.03793783544761,dangerous
36.46949885238947,58.04116937964815,98.68332899281107,risky
36.42418175935532,74.4460266822014,97.79068618042064,dangerous
36.724948302848354,81.96631486645651,99.07297804776601,normal
34.69807883526442,63.90217095680618,100.36387249461936,risky
35.484808937801446,68.65982833327082,97.21401396736502,risky
38.36687426744452,70.14688194729197,96.61895539684623,normal
38.64496771350128,62.151016869177596,98.30381859560488,dangerous
36.75096396044362,76.4828043384386,98.72156250512614,normal
37.576556963055765,68.79051851392218,97.76913362615524,dangerous
37.311250154543536,74.19532443907028,99.45326066332103,dangerous
40.07888080845524,61.125078221978995,96.66139420027675,dangerous
38.119574911434576,65.62541699676589,98.69291862303162,risky
36.87208240851923,77.22381357827771,97.39413917924111,dangerous
36.04445955939958,66.27166847908234,99.7193779062073,risky
35.393553679742425,87.26963851233405,99.99251535316812,risky
37.20346363586722,66.00363814385398,97.23334341221666,dangerous
36.2436492547157,72.24684725751887,97.45044286409141,risky
35.577746290402324,79.3259083187309,98.8595878869798,risky
36.353427115757476,55.816342670669684,97.61286935021049,risky
35.918451996385606,52.39191188019224,97.95458878206776,dangerous
38.687141635072564,54.74343685429905,98.02538842054241,dangerous
37.881639756949454,82.62584103427182,96.08032684380234,risky
36.99202735868338,64.48141854107553,97.98616225390576,risky
38.479944138890026,95.58199285668252,97.31027222593583,dangerous
37.07736830764762,64.35752401342612,97.50687717760023,normal
36.13871579867174,71.84551303197037,99.44363200346882,dangerous
38.52312407726966,85.42109952567876,96.74349310572075,normal
37.53891004368466,90.06092888159122,98.81320518674798,dangerous
35.96275384567355,90.61503576636397,97.72103706966818,normal
36.809661321916394,82.08366230593143,97.72023983150416,dangerous
36.12438174661524,80.24062525811462,98.79037189605171,dangerous
35.61720026903566,75.92526949201184,98.3400512945689,normal
37.926177547531644,77.78361076166638,98.57061299721953,risky
38.90941664047013,64.48814283671467,98.96818466053286,normal
35.60143242618086,61.81801116577693,97.66869161681667,dangerous
37.56296923669057,69.96625542589048,97.38776326549225,dangerous
36.34935743087817,68.29815377475072,96.9148494734422,dangerous
36.5128746162353,65.46771950672725,97.17458947002105,dangerous
36.40760607576113,76.96387447456715,100.94909442530873,normal
36.136009230320184,79.5530520857051,99.24467958073679,normal
37.04852162794483,70.88406886291847,96.64892563379198,normal
36.16904988358896,84.77530081055262,96.67754204325642,risky
37.27045682577984,58.58310885866495,98.48186606171849,normal
36.94976189055086,68.06340540720282,98.54726479737796,dangerous
36.76105195313359,62.831776793971954,98.54888383531737,risky
36.092436337958404,51.3346338292694,97.74504420644631,risky
36.423228669431666,69.17319314157301,97.8745457399971,risky
37.755391225825754,68.78252491616716,98.32787952415936,normal
37.50091718762438,85.13449743242131,98.08589300629333,dangerous
36.02244475520145,76.30811684554777,95.78069962725246,normal
37.09933230542923,59.758131756707954,97.7702003694248,dangerous
37.75138712337179,88.54092566334188,97.14859356573969,normal
35.33059471887863,82.21033695525352,98.17521141890852,risky
37.543360192379936,75.82097703468615,100.98525900260341,normal
36.33737624105415,67.73515901150168,98.3674816654743,risky
37.570598668593156,60.405607632765204,97.6864703138276,dangerous
36.23674084345748,66.27793223928947,98.92180150197726,risky
35.19511789933548,80.88748619704185,98.48268788720921,risky
35.372457562116836,88.84586305934609,98.42009449045185,normal
37.04808494666138,85.43243528272188,98.60685059321567,risky
37.259722501721484,65.11150578213726,100.05654356482954,normal
36.09568337489559,58.80382566710989,96.86911156467409,normal
37.638592458777374,71.40886246911204,98.47363207681146,dangerous
35.33847993773104,52.31560634437149,97.07361887001846,risky
36.933920201352684,73.23167714184781,98.55551264634225,dangerous
35.788983800237546,68.52397413701331,97.0813134885139,risky
36.34816389219784,65.33963498131757,97.58263318639492,risky
37.047398671316415,54.05296932733204,97.7049100857621,normal
36.139586634716046,75.13600106569717,98.9758167193447,dangerous
36.615444455770174,64.6729916033809,98.91845444394241,risky
38.00629280921444,58.30083164289712,96.75428262355362,dangerous
36.42310813047685,41.2773778671835,98.05493411099985,dangerous
37.83569211206514,69.72485094949364,97.29042014525082,normal
35.87029314534238,87.72251596669744,96.74149508932467,risky
37.52980417791528,86.6125921454787,97.78298294957563,normal
38.441568620657904,65.42903743413729,97.69151721154418,dangerous
34.52835549987271,63.97787939638219,100.42671648634553,normal
36.203104744529526,74.68774256075024,98.4329598253607,risky
37.57707212718054,60.016145608117085,96.62238249924576,normal
36.796954613957006,73.01791899819466,97.43522599582906,risky
37.37114587337131,77.6608027838469,99.0213832954294,dangerous
36.39601481328418,82.26933223884308,100.08844277286993,dangerous
37.0865897874729,68.99845923520047,96.41401668776204,normal
36.844322764607924,67.96326249823034,96.12007561486095,normal
38.16778206165981,61.22017413243439,99.87096517537178,dangerous
37.25442084330121,61.7311964596014,98.3896141773709,risky
37.3376026620752,67.73521108098473,97.13170726812363,dangerous
36.58812303387753,73.67365506816178,98.53462908612244,normal
36.51239377592751,79.13584626233249,95.36425226098312,normal
36.56744181218038,61.96821049319655,98.00337550659717,normal
37.3944521423783,84.92688568959522,98.32782117284309,dangerous
36.579015519179734,67.2887639895743,98.92427013953782,risky
37.289774856896415,69.78632705651565,96.98610404770746,normal
39.07540079864544,62.527883208521764,98.08568716140336,normal
37.87112470343169,45.75759739727059,97.07457537394042,dangerous
36.67397646783216,78.8404539636105,98.25538375567432,dangerous
38.201213922163944,77.36843897092433,97.10465367763697,dangerous
36.59192462697845,67.18672442881787,97.59189916083977,risky
34.96187546482214,70.66990717224871,97.00418460520977,dangerous
35.991913689082594,75.159392177041,98.65113624182365,normal
35.129208078974145,54.374541431134574,98.85845111665667,dangerous
36.648486515958695,64.70947322653706,97.76537943004259,risky
37.018418379189555,77.94264679621827,98.03823799496003,dangerous
38.67643731227528,57.45710576830751,96.55140858536646,risky
37.326927373764164,72.9355793216663,97.70032335199322,risky
36.780899471191134,56.43418195376595,97.94979538295826,dangerous
37.82940558118349,74.66429982433526,100.62079309102998,dangerous
34.78886469099211,69.64358517702516,96.88803297422584,normal
37.235614558108566,53.848681840944906,99.46417723875244,dangerous
37.77086519388697,81.64739354457171,98.9968587734658,dangerous
35.521413754220156,62.65408423201951,98.28063640449014,dangerous
38.143754043206926,61.89747562985619,99.75862048419513,dangerous
37.33849640749441,72.00569197230944,98.37210547260686,normal
36.5847120860992,81.48637349428715,98.38915919566793,normal
37.632781866106285,59.841781810216034,97.94687934698246,risky
39.2706928578044,70.61679849847971,99.22356888241863,risky
37.181866255058495,74.28816500330574,99.09646923381088,risky
37.248220586300334,76.93105607263143,97.37432271250378,dangerous
36.54063910045976,71.76441555277225,96.68075280540123,risky
36.15015563053521,66.32972160916678,97.79701936260435,risky
37.83033581654425,61.724097793512804,97.19996143560235,risky
36.14391617409113,70.86143883046375,97.93647542538464,dangerous
37.07156623721939,59.27860988014393,99.23743813468414,risky
36.522342553234886,40.78649516505393,97.5426983449132,risky
37.47897982574639,74.36559804157667,97.95717661868842,risky
37.33366210528695,79.03934841086195,98.05802273480839,dangerous
38.0375399442579,46.37067564458162,98.84843088220528,risky
36.489983601145255,59.90269295290062,95.75311066601539,risky
36.73012506470663,76.19154261005198,97.3932997052347,risky
36.02123628421769,90.574954697117,98.21128369227947,dangerous
36.55570673992389,70.20793707675408,99.20007895642686,dangerous
37.37730049304485,62.71997058770866,97.5080975524938,normal
37.75698861664535,68.1710355889516,96.12344729395812,dangerous
36.07783467582237,83.74876419148185,98.61971144596613,normal
37.86960592010566,63.54035820875465,97.36463761117437,risky
38.355637858804954,62.00807993349746,96.81033334090964,normal
37.4134349032237,65.17256477817968,97.37565461028677,normal
38.876795812558065,60.466713917412875,97.81547464234416,risky
36.226210800896425,71.22670315994796,97.39525533546178,risky
35.75534529668858,86.2467845846956,95.79443394290094,dangerous
35.22127975109572,73.23079273116029,98.89706619688714,risky
38.496044311489186,67.47646497873713,99.27487504127872,dangerous
37.65436565635406,67.08188731084456,98.65152199133951,normal
36.944415329089544,54.36809191303343,96.86231432957518,risky
37.27996862631982,78.83109777147159,97.79850846605248,normal
35.87451095270163,69.22162802987198,97.99347868477054,normal
39.44575197961683,68.19520086409375,98.59879438956192,risky
37.129221181975225,101.93107567844861,98.66834048871809,normal
37.109394794604896,72.98752908365687,97.2658262012215,normal
37.72576662389869,62.48208949904816,98.08199555641356,risky
37.481009231736714,65.73642403794457,98.45728040461525,normal
37.22388402427913,81.48445709196756,99.45582232214677,risky
36.20952554455469,71.13270410537764,98.70450653982472,dangerous
37.471468357136,55.61722021682633,98.78905668737552,risky
38.88202449647503,79.19228934575203,98.08382662792935,risky
38.34542004615498,63.31855914461006,99.4104591452035,normal
38.593186626639394,88.73297776217545,98.4097627959595,dangerous
36.488784323568815,80.80048065714648,97.13891208982643,normal
36.01039517974142,65.52678104341248,99.4033699701252,normal
36.87421307990035,82.81016361735112,98.69790327253902,dangerous
37.055724912288696,70.67855510527403,97.55695597887151,normal
38.09419151847095,78.52773675122219,97.52050703260076,risky
35.30753537028518,74.84732817294474,98.29657554514077,dangerous
38.52955031946061,61.536433450091266,98.46318479526758,normal
36.84199210142101,63.56450167682538,98.1972922656312,risky
36.57311893005258,80.29960817581161,98.31130867344288,dangerous
35.987895624739835,66.65224667893459,99.69995737457639,risky
35.34514332813423,65.96351536758003,99.07154315223488,risky
37.82317058396191,60.44877420650647,98.19063559126502,normal
37.0733179671884,74.23599065593461,98.94131058076748,normal
35.710039100258946,90.62524919243145,96.96747609647247,normal
35.70492122793638,59.32467085745727,98.39792704994682,dangerous
36.66421530070987,70.24219456672758,99.8093063497331,dangerous
38.669021525289395,84.12220555415429,97.78195410460762,risky
36.7404086486364,69.20358608754285,97.15236607138091,normal
35.49685704688189,74.52371796249734,97.34791111140694,risky
36.75425693591406,59.376064718531204,96.9103669626576,dangerous
36.72727643025233,74.28307097207649,97.2152380918723,normal
34.30311335705843,68.12855734995452,97.62949190140998,risky
36.945705133482186,79.85729995679863,96.59443298082135,normal
36.76906546979132,81.87386051564751,98.0156183339496,risky
37.69620636481342,95.89563642018614,98.90227717378664,risky
38.84895609494534,75.79633173213576,97.09224381985308,risky
38.126565029547756,73.25796316582166,99.51928392364177,dangerous
36.73111130944517,71.94384301577335,98.5107920885276,dangerous
35.89347409125833,66.46833707189312,99.03058058562405,normal
39.57335980324986,73.38483843461691,97.34216544614786,normal
37.05921843401449,67.0459858986097,98.85452522706662,risky
37.013929291912945,71.68460976269614,96.90806609960468,normal
36.97587491289,83.17597535607959,98.89024750083651,risky
37.198084760767856,59.934574347203586,98.17183933979354,risky
36.85563958807606,81.39878561129045,98.55325121998479,risky
36.426337993119766,83.17115067339866,96.82440539437515,risky
36.453141058759606,68.81931473008922,97.1049301577234,risky
36.967246729784,48.78145100991405,98.59722821825339,normal
36.456575228866235,63.921780129055676,97.0516519957758,risky
36.287154217322836,82.96994546561109,98.46320629209912,dangerous
37.106430227691895,69.77131937701118,96.63286219353975,normal
36.74502278257914,60.00697767705089,98.84817421266666,normal
38.50399298858269,64.95225078771783,96.76747668523149,dangerous
34.349030191606985,78.40620026504553,98.55229993767952,dangerous
38.09150685192246,75.4673356820138,98.62563093364601,risky
38.24608519249763,67.61067900830305,97.30322818157042,risky
34.92660976759185,66.33175588185313,98.58202656708472,normal
36.657312405919654,66.08241850956178,98.26044226333356,risky
36.628559134004206,60.77589815501497,97.46115814380727,risky
35.59248830528218,86.15375689469442,96.9914453159238,dangerous
36.22218331240912,66.7767953078866,96.03737430832741,dangerous
35.88942415453417,82.17158520825497,98.34965004729969,risky
38.752270443423626,85.21316051922452,96.43519722863795,normal
37.93567839314746,79.9831089814796,98.09534419944131,normal
38.271555094994156,65.68379687281951,97.73655178391775,dangerous
37.72167206404323,74.03730090336609,98.6791427754382,dangerous
35.87094822878277,69.75804393609084,97.69795450051014,dangerous
36.47547973372023,60.96298139269872,97.67055221365291,dangerous
37.48937456122792,73.24359281721603,98.7318707042883,dangerous
35.77787219110805,58.20960208840198,98.33505802908412,risky
37.71299843017239,81.87679388461564,98.31615595718277,risky
36.759674601841866,65.35382702701607,98.46926758980852,risky
36.6251791924504,72.0115965587284,96.4644278767929,risky
37.71095996820349,72.83287871546142,98.75678867998698,normal
37.44426331148604,67.41095026295923,98.61246879401361,normal
36.63903383418092,75.86693801475275,96.9833168714235,risky
38.15932980336425,65.25096343377476,97.7559195263258,risky
35.9189366724001,78.71297297457244,97.96069271237236,normal
37.61593560694426,56.54020319753251,97.86550321559827,risky
37.593101257968385,71.26379579546412,98.33385996656854,dangerous
36.69045356068601,89.38928999058285,99.43136678183119,dangerous
37.32613302224212,59.99668675394425,99.08176672767283,risky
35.7488864236147,63.222550294751485,96.6877808065686,dangerous
37.9240270192069,75.13907849658915,98.62206999030604,risky
36.815097863557014,71.79581781939598,99.32893331953541,risky
36.47727697948096,73.50630099273559,98.3868085206892,dangerous
38.04900922583689,74.89187130147664,99.09098042518596,normal
36.29565630945724,76.3472146856177,100.01227044570076,risky
35.59153870363644,81.09699841956223,99.02370954610699,risky
35.4433708264761,74.09818656928513,98.24930859564172,dangerous
37.60600995134564,67.58742345381458,99.04508847408475,dangerous
35.719570647503716,76.72573701202731,98.14488783309689,dangerous
38.754794181984366,88.99881934895215,98.02390304328496,risky
34.91807059211628,68.67366253617426,97.64858576428627,normal
38.696456368290036,60.254706953293585,99.56341335883211,risky
37.211017467202616,81.07080669286972,97.18157133405799,risky
36.90328688812961,68.79618836046401,99.53236772467811,risky
36.45508091319105,48.27330453985964,98.49986412374037,dangerous
37.39913611435207,78.47421677150422,96.60069382519806,risky
36.962365297575154,64.64671814046078,98.36764929299142,dangerous
38.103301882016524,69.0946671769584,95.89997349234838,dangerous
37.11422764866204,73.31980330569014,98.62550801683103,normal
37.150301761461876,71.90499679779066,98.88523148298898,dangerous
36.63638778778614,77.09451817139039,97.40764404434795,normal
36.94305437627893,65.64513629430157,98.12354769595558,risky
37.30780176889206,75.13105798176083,99.95415743375028,dangerous
35.28983160734337,67.40453322416083,97.49425329573806,dangerous
35.651814577894285,77.38810480887503,96.9410924129434,normal
37.74326409402271,76.15367484013053,99.4816634024626,risky
37.17086543812794,60.645612979554045,99.9625871905308,risky
36.81601666364732,80.85982116175032,98.00369567184785,dangerous
37.018433933065396,64.64036554885952,99.01146303540835,normal
37.34758170536167,78.08057798281145,99.34147591553088,risky
36.46024031969064,73.6728731340134,97.25751576746161,dangerous
36.221695274597685,88.38183676795123,97.51469416463213,normal
37.19584525509768,67.76534017628148,99.23087451315473,normal
36.02162722238497,66.50683203881802,99.68501427870851,normal
37.40825275571447,69.80580394112268,98.56288086017436,risky
35.29741639576216,66.96820217165724,97.12018564649794,risky
38.029155637325644,77.9994190194205,99.98706111169945,risky
37.47259748241304,53.83689391563412,97.46902910218803,normal
37.25602973431388,59.46317580853646,97.66486221882855,normal
37.98269098394552,59.32197078420807,98.34233783448963,normal
38.665474444462575,79.50307591973575,99.55416042071478,risky
38.01437006501813,87.10613372581925,98.85397597655222,risky
35.15912576866835,68.95550781462528,98.41486550036191,normal
35.7204230332643,68.31178276809989,98.4632885301181,risky
36.37518142230432,70.70052163113182,98.04351466864347,normal
37.02609105021083,81.6187830260819,98.5581395145185,dangerous
37.517659020469125,60.72646865809426,95.4704399223057,risky
36.274256186846536,72.38368982734785,97.7033925409302,dangerous
37.18676676447708,79.7519762978243,98.24132193491678,dangerous
36.24461706764668,75.01094169939846,96.8489859163805,dangerous
36.38848219700805,71.89581616598744,98.38632331781156,dangerous
35.593338903151775,80.01046092567141,97.79552877901388,dangerous
36.076766753889096,42.967677070007625,99.7554756983155,risky
35.648315394383665,76.77875319530908,99.57301972521486,risky
36.02412674702267,63.45924316872576,97.53419443088184,risky
38.05364179660784,51.69367103143543,97.8491622884333,risky
36.050601111168056,75.11202599524981,97.92605243439161,risky
39.632382064837394,83.73658545162958,97.54834052384038,dangerous
37.49331790088089,68.62551485372308,98.19502498402812,dangerous
37.18483612369487,79.52874547202939,97.2417179311124,normal
36.141642219818785,86.12278257988646,96.86938466506247,dangerous
37.70030987940899,83.14914453584048,98.62271122390027,dangerous
36.424362173762226,86.39964529371393,98.62952958422181,dangerous
37.12200981464536,77.42127491071892,97.19568424034001,risky
39.5600845382688,70.75433638901593,98.8953554307626,normal
36.90394010027535,53.980341881028316,97.36842227083467,dangerous
38.14927332628567,67.53937511870052,98.25316523803798,risky
36.29682357487411,61.567534046838084,98.82034401261245,risky
36.965011509503036,91.70942717497815,97.96638743529628,normal
38.77080063563551,68.24114187567663,98.45474091214113,risky
36.373032942212234,71.23204806784486,97.48357035611242,dangerous
38.81244855799693,75.51485376040468,97.80353341657191,normal
37.70775193545548,70.43602446372454,97.79414056911966,normal
36.437533224105735,86.95051040430752,97.25342165345977,risky
37.63240773905552,63.77350638265548,97.82322583688422,dangerous
37.97255444962673,71.94607455237242,96.45138170113626,normal
37.6218099622172,62.57529414301952,97.5088462528579,risky
35.429775280109546,56.79977488779294,97.71512450663033,dangerous
36.27286282417513,63.882309090947146,97.74382024750462,normal
36.75248136444849,69.62963202951588,97.75850255412922,risky
36.92556657089995,65.7069777548274,97.93823580013986,normal
37.62067209755068,63.07579020126144,98.47944151808606,normal
37.177701000933254,55.93682536328166,98.87451707413253,risky
35.6646556412899,69.16894427371305,97.35023477315173,dangerous
37.38019785100596,54.952796259689975,96.79679914461086,normal
37.61058574528382,77.60055963689602,96.9579555877569,normal
37.55979044793104,70.82439752934503,97.51279707880508,risky
38.080780725554625,55.4244850053507,97.6480786821835,dangerous
37.8339221545489,66.90790922950137,97.23000393380254,dangerous
37.45918007922844,62.478435944094166,96.7038833357501,normal
36.92983428854135,73.19174510419181,97.5438791725258,risky
35.339039066484006,83.40450446023145,98.18142662011397,dangerous
37.429618219132585,51.248275303542556,98.59502946583557,dangerous
37.20768768716311,71.15026079147417,97.44257694689168,normal
37.27157883719537,68.3986720443336,97.58700217785656,risky
35.72325142417969,76.71340076450466,97.0733016911527,normal
35.91894345959174,72.1319662823769,97.96856082962522,normal
38.053152853332904,62.48030668261181,97.15157136580919,normal
36.960444846143346,66.80946064333382,98.5731278132412,dangerous
37.68150069737263,62.03974143196511,96.21413350806588,risky
37.028318376130464,80.76007138598598,97.64037032754754,normal
37.029756139495746,70.21311648671943,98.30110733919174,dangerous
37.938283805976,89.01190685753008,98.1838345163225,normal
36.48395527178263,69.39339186185379,100.6930336639805,normal
37.096120776940985,62.91593233089537,98.34980002456791,normal
36.537724711294956,54.862856073871725,96.99594540315799,risky
36.56550377256769,51.96860323744055,97.90453575291093,risky
36.69082787653136,54.158640569945106,96.22375366653355,risky
37.222133771633715,72.67126651011483,97.91940025070323,risky
36.52125137833652,75.08725023229934,97.16694394299924,risky
38.25575612557352,54.188092979678665,98.91539027556016,risky
36.105392697780495,78.95038314076115,97.45045972540447,risky
36.81312835583864,65.1693894831656,97.88323408420476,risky
36.56026894172582,71.4679301198555,97.3644421585956,dangerous
38.446977884353736,86.12220628255425,99.73885135185333,risky
37.196554776511576,78.96839315865532,97.6787572338821,normal
38.031844539468636,67.31469352094167,99.8325570434792,dangerous
35.514439626963025,61.08807774584713,98.81415176211827,dangerous
37.26705026586926,48.48184598670695,98.48206672733538,risky
37.88963079562344,62.8084668075758,98.36873314731751,normal
37.082283989275425,67.88869761172306,98.39379729821626,risky
38.06548037506535,60.12820472848816,96.07232742065439,normal
36.482711549899626,68.68743032907695,97.72111660584925,risky
38.40934744018558,70.76851882958768,98.84515797118432,risky
39.29889812361925,67.75144018191921,97.95110281652589,dangerous
36.637161439560344,63.4999741917654,96.59481015319642,risky
36.55449747859923,71.68654671966728,97.94759554942253,normal
38.4533844771177,74.41940649569409,99.7041055162555,risky
38.579572145730715,59.096009225571535,99.24689171553472,normal
36.47713997284673,84.10932379746271,97.93799599063396,risky
36.57981318290414,69.01411867715738,98.95144927705809,dangerous
36.718215391139495,70.18849622944848,97.63349297963195,dangerous
35.655549488965725,77.08214423256557,96.29612841317328,normal
36.0813480535158,72.33216131263502,97.07553401187045,risky
35.995859233247934,79.53136633913245,99.5628887685082,dangerous
36.232202434895875,72.87124165201824,97.7260069181707,risky
36.96531511261322,63.87562625359562,97.75661602062499,dangerous
37.23421473253652,73.61503525206102,97.70016180372512,dangerous
38.55050049281407,58.56273792679338,99.90413658957301,risky
36.00164595926121,71.08559705776523,99.62595891536206,risky
37.984322398476586,69.6677000935554,100.21878023344813,normal
36.78601115577449,67.9188314272746,97.84095478959995,normal
36.950536290347564,68.71462488561069,98.2956244887471,normal
37.674819492166606,51.18150954502361,96.4833574505792,dangerous
35.877277978437704,64.51275092259039,99.47693442611828,risky
37.38240974618405,70.92844901141115,96.83222044873206,dangerous
37.16645220821306,71.598563919974,98.21677556376262,normal
37.492451264008146,59.72324859074042,96.90269747236715,dangerous
37.28916864390782,82.65707840864701,97.4111331732613,risky
39.4553001399109,61.33825151785499,97.1627375689503,normal
36.36226001574868,79.69457200526736,97.39212473932419,dangerous
36.46900304499818,74.27194361871685,97.46087729685102,dangerous
36.37685947357524,63.53772690156197,97.45173120507492,normal
36.44452288083975,87.75310892609512,98.8333339117803,normal
36.36261287269348,58.0636316824352,96.89513720693748,dangerous
38.189016531107555,79.19154173610002,98.22054142701387,normal
38.420504247989854,80.00582318042979,99.21795915230555,risky
36.42925370625052,63.293797909233554,97.48680363548661,normal
36.16764442689577,83.92465300064329,97.2820811092524,dangerous
37.471415556386404,67.49953485401048,97.76947537481975,risky
36.44777695571903,72.88693629279857,99.17972520836071,normal
37.63293181775551,72.6032183877122,98.19410763095335,normal
37.2029230208513,68.65691258529452,97.4687857053924,normal
35.48425588500277,78.10808273159782,98.48387665118804,risky
38.54750520133006,77.93488720552213,96.89770785016357,dangerous
38.795877673095525,52.51468026761819,98.68135951044295,dangerous
36.387211309515614,83.04340242878152,98.40860730770177,risky
36.612298440064016,53.37508011964326,97.69219152886112,risky
37.28586539072491,80.32546204341658,97.16141420155277,dangerous
37.33445678998702,81.26705136827583,97.11331907771654,risky
37.65854427267283,59.09033569784802,98.53481733634591,risky
39.01020453876635,65.89185712045415,99.22898050248907,normal
36.82305277250595,58.94295331514064,97.3626922529712,dangerous
36.20170275546155,67.85078969711265,98.45838670355148,normal
35.62068077198547,66.91965715814258,95.91297298139793,normal
36.26906996005808,77.7966053226934,97.4153822693428,normal
36.966873027126205,83.10308746119608,97.9689410671291,dangerous
38.79455786351779,83.95683810789956,97.09031658301816,normal
36.48238870096383,64.37831973421697,97.0634936252104,risky
37.2237879516389,67.90778126255472,97.33222044353111,normal
36.983577103927246,53.1656180777905,98.29219272832637,dangerous
38.188393273448085,61.94129933503811,97.81267098159363,risky
39.526932425873625,79.64851633097457,95.76176876667503,dangerous
36.46913122707968,86.15582823548232,95.87929984736493,dangerous
36.510560557481774,57.65651128120078,97.39313482214283,normal
38.044160877069075,64.07535740847106,98.45768658605355,normal
37.68189148962631,69.73594243041073,95.25249515727477,dangerous
38.846707325736034,72.80161158819607,97.50026982384837,risky
37.583928185325966,61.90396480078354,97.47375214348259,dangerous
36.64070790921294,74.2406104446409,99.38833777820845,dangerous
37.59065483069231,65.26160652929084,97.61497818828714,risky
38.108703580582905,69.85547729121721,98.38298898474093,dangerous
37.82048218119736,75.462842480037,98.14125714008746,risky
37.5072740311073,70.06422269810938,95.8694335201928,normal
38.066674689589156,65.63614109473431,98.76820721663174,dangerous
38.16929559044567,68.90390196074169,98.21539650545628,dangerous
38.38215899103753,69.11637040794665,98.50826863967458,dangerous
37.64870988758964,66.29988970117873,101.92623770643632,risky
36.832881919683146,67.41203937332898,95.9158870605014,risky
37.14671368643332,85.98647170504717,99.72469664976111,normal
38.20650896650836,75.6091944794124,97.71255248059964,risky
36.183064329012765,67.0451968197084,98.28732890440301,normal
37.3686733088729,76.96954404510736,97.95448775469876,normal
36.60666118767264,66.6618051024399,97.57576366660196,normal
37.02874482293482,81.73124637586642,97.43016707176125,risky
38.2784518626073,73.69642192198094,98.32950873557301,normal
37.1910990680199,68.92697855995772,96.48282630332832,dangerous
37.04643654815615,74.47716925810278,98.75057916752176,normal
35.64014385902008,54.291238479315005,97.58380559511474,risky
37.74625356602722,58.73232531090195,96.86993066095964,dangerous
37.64548418114108,58.060749936009444,97.54998714200418,normal
39.16325472330546,71.42943094763707,99.25714921686257,normal
36.692221765047,87.32514999485092,97.46466491298378,dangerous
37.21915032766394,92.31300146192632,98.35845361820962,dangerous
37.249383683710754,76.38051101440757,97.26904372428453,dangerous
38.577453279763475,75.00844474944456,98.75792184992362,dangerous
36.90470446761305,51.989422658472606,98.6855077387902,dangerous
37.27902152577034,64.57326200265979,99.84860883329641,risky
37.60789650971654,62.12216248091761,97.82443605450078,risky
37.18660912315636,63.79152401748884,98.6686548047579,risky
36.55356638544947,68.3185618141521,98.09806753953895,risky
37.194089992898306,65.27909422302872,99.29587178186301,dangerous
38.07363174985977,50.20700189624212,97.28116761239127,normal
35.97348470058894,77.47910256117534,98.74500531287728,dangerous
37.13296967414688,59.27256974260193,97.80530270388331,risky
36.299879185060824,72.39246864111149,97.93581182289151,risky
38.19504662892484,90.74082669749973,98.09175248444838,dangerous
35.47681309521622,60.80615408413577,98.25224039642667,dangerous
36.44107815272841,44.697124772536704,97.88377095687804,dangerous
37.37721187506452,67.13995778119889,98.21471318317053,normal
38.56552402923434,81.00959634998571,99.57811805756218,dangerous
36.934249738927015,89.58347454220593,98.98544968561522,normal
36.4448004733068,57.70450405547583,98.8691545924969,normal
38.88115706944059,74.96699223236521,97.54446047397613,dangerous
35.55198609958376,65.34689543219946,97.11075917177168,normal
34.801194043379915,68.94051645695865,98.95530055823775,normal
37.44001445005333,96.44343347017035,98.87604679252979,dangerous
36.49794577564739,54.970296716048466,99.47267067575098,dangerous
35.978767182869284,72.53739661494573,97.39601937403077,normal
37.70835644729935,74.67693171765433,97.77045134463965,dangerous
37.2438007137712,80.85786324939347,96.36051583747457,risky
36.43592136926327,70.97983153470895,97.60752889393913,dangerous
35.71969560132911,73.08050539504103,98.99657051057945,dangerous
37.87245732828014,66.08351432578209,97.53350462077181,dangerous
37.650201177958664,72.69126941245108,98.64047979520082,normal
36.90082413622062,66.56807724502589,97.8094968940022,dangerous
38.846636996047664,76.21571889856051,98.32405702822156,normal
35.929915233673846,66.30389663956366,96.85230861018434,risky
35.47447482907526,73.77100393902187,98.08520944963391,dangerous
36.308091930118756,69.70737186315021,95.00886402909927,normal
36.9544139836445,81.26050250772168,97.81310384183801,risky
37.24333944932269,69.48606276411513,96.36952675628486,normal
36.75876394214367,52.26967531793119,99.20599451654681,normal
37.352055396514295,82.61921500713991,98.77740735276451,risky
35.74846057580955,60.94267699137381,98.46667098196608,normal
38.44376460407326,63.4623366135118,99.52100622715938,dangerous
36.91784882160743,64.04338705956508,97.05108347917516,dangerous
38.11729583158813,83.74438093170818,99.74736319791556,normal
37.342725346377705,48.64325786021304,98.93219156426038,risky
37.45675321915378,101.37748533659993,97.76344471278105,risky
37.569767280232206,80.56056809066052,99.13562014718295,risky
37.44770856001732,72.23238914129159,96.89370648758836,risky
37.642722759867546,69.45105999383713,97.17548583847233,normal
38.32915253013243,72.85554074857657,97.3914102767603,normal
37.19652116970147,75.21122428379338,97.47102229193598,risky
37.70900375758851,76.45215585950056,96.94344235723975,risky
36.91026430571277,75.55604466003449,99.22308306709533,dangerous
38.440117215449476,70.8958068125525,97.74114559963017,risky
36.32360769794073,68.02661579692673,98.35250496835688,normal
38.800940432910814,68.48726716346488,97.42964863358632,risky
36.95984204935566,68.0509171964732,96.17939669945149,risky
35.56922489788195,81.33770096867065,98.27005735839143,dangerous
37.12810441491079,75.93556722280861,96.08774502458023,normal
36.31894834252512,40.59611365335719,97.93136595391454,dangerous
37.84064354898872,76.55900776529761,96.6316849611672,dangerous
36.34737602069761,71.94736194718774,99.9872759992308,risky
36.55381656678522,69.81291243554102,98.91136272217472,dangerous
35.110459269054466,66.11481546911114,98.10575379127148,risky
36.547693680750925,81.24112719986013,99.26370667765467,dangerous
34.576120673371044,79.47526462122858,97.15368402253426,dangerous
35.41609717651428,62.27122332176391,98.5434793786701,risky
37.7604146561443,74.07052287124534,98.19981043371871,dangerous
37.78580015865083,60.28343265458714,98.26402008133367,dangerous
37.42545756178497,56.203818352110694,99.27235350010677,risky
36.033023856870784,63.73282775410035,98.7324921027798,risky
36.95228864385802,78.62393472382759,98.28872366282502,risky
36.996397460909435,79.53125045376086,96.3451125637717,dangerous
35.841635310807455,75.13085420097293,97.03995370472053,risky
38.50339830176715,77.25095786847997,97.87729106640428,risky
37.87736229057567,75.16178287114958,98.09337237427665,dangerous
36.779035826170336,63.585184047770476,96.86979627532608,normal
37.02688583899453,74.31922544673941,100.41167667557842,dangerous
37.20838280794755,78.00409525227683,99.51639405525357,risky
34.95826513157571,77.54291329813574,98.60211832039248,normal
36.7528226174794,81.88913371474644,98.07203686128375,normal
36.318015752002204,77.08303847201064,97.78779103009884,normal
35.998379990105086,73.51448207541583,97.04808153997776,dangerous
36.71889970711405,80.70150238316427,98.07748051851887,dangerous
38.797686526849525,69.7347874075094,98.25775254014275,normal
37.64084286126701,61.18125348772282,96.75823942451838,risky
36.428821010217206,68.36933036056236,98.33417641724489,dangerous
37.57258278135616,62.55097355193551,97.84474095117525,dangerous
