temperature,heart_rate,blood_oxygen,label
37.06521361890831,77.89475117673946,96.57800866432268,normal
37.785417931538156,91.5889048265453,93.46778897472367,risky
36.528967049218814,80.44816562060122,93.46755270319683,risky
36.921812307471356,62.78549270312104,97.62447956187845,risky
37.5,65.57060345624215,99.4586752081661,normal
38.435888837096556,85.40824345420125,94.97357286705683,risky
38.58987733107895,73.55515621674587,93.22563686948627,risky
36.0,71.7798807595949,99.65837739500462,normal
38.909222741597624,105.52968682943592,87.50684330691952,dangerous
36.836088689513566,76.11551067247,98.06742231713334,normal
36.96470541616493,95.35414378679292,96.72135835138599,risky
36.58540888722201,77.4367819914774,95.9044500524243,normal
37.983949471464065,79.52520472682623,92.95610577947254,risky
37.20748622960129,92.26268441221906,91.3462998921434,dangerous
38.68593674370393,106.01366218376008,87.6412308603873,dangerous
39.007816647433664,70.38120196460206,91.01022179103114,dangerous
36.78516088710427,77.39855593733283,95.31591696765655,normal
33.48067808622024,50.704618632577784,92.15698000140772,dangerous
37.05962166464794,86.38135619833842,91.07106783942776,risky
36.93702596574613,76.55813824185763,97.67156284002597,normal
37.09571899870396,81.499088412518,100.0,normal
36.601212872316246,76.56478934874528,95.85511126518622,normal
36.948704566391775,73.20335124114861,97.54744150369933,normal
37.144591204828615,63.873425448172824,97.09251977477196,normal
36.29226061108555,84.2364025556849,96.76298815213151,normal
36.98180298540369,61.75656518002974,99.63219127297654,normal
36.983111079630035,71.83278724828682,97.17599107496318,normal
36.85977221449877,130.0,86.98030932799082,dangerous
38.64990929495569,111.97609976135209,90.06680170247512,dangerous
37.76906648228423,51.6440636612807,96.77268345990058,dangerous
36.86733554556799,80.37678642089723,99.52589153718681,normal
36.83470239028785,81.43437747251062,97.10127772211516,normal
37.04883792778014,61.822254263629844,92.45728299115115,risky
37.16250986917794,80.1925002064917,97.88879042380178,normal
36.742795279770995,73.73946298543778,98.30510159603313,normal
37.111261983277366,67.91986880916203,96.59518759705995,normal
38.492498602668164,87.88669169358003,93.29710847021606,risky
36.60377729506177,60.0,97.76680389928747,normal
36.49949445267134,70.93604047248972,89.17334818656899,dangerous
37.23606022314719,69.88274533409636,100.0,normal
36.79891923827282,62.733082486459665,99.25509745265073,normal
36.884297560320505,67.01840384143524,96.68781662446409,normal
36.49363015486078,77.66685157839483,97.3657010706568,normal
41.31257015239655,96.74545177048941,88.94589791804252,dangerous
36.84401410592999,81.65207173206686,95.77459649351914,normal
36.524404416054736,63.96687386598346,95.8483036523438,normal
39.040362419092894,88.70204808370521,89.48537202151262,dangerous
38.165113760633744,64.22299226883148,92.28401591675119,risky
36.7084325886936,67.12390238272573,96.71954304552183,normal
38.53483793968743,78.58957394461385,92.3853053792008,risky
37.13212420078609,71.03695068837122,95.0,normal
38.9456126421348,107.01122031984949,97.7147138219393,dangerous
36.98317572358514,76.47832358344832,98.62117108833193,normal
37.03998257058261,60.0,95.41947637128047,normal
36.60646407361846,74.8911648440673,99.30705484969896,normal
36.82912326480441,79.74915992426311,95.94692035918398,normal
38.038313195210556,79.29411258275597,96.4553065652626,risky
36.619488016331175,86.8182254760715,96.9797541628931,normal
36.636972568659864,66.29723373858269,97.15964534153784,normal
36.924208870086574,103.57234521787909,96.27455227135658,risky
36.97719644920769,80.86962864466327,98.23072327179605,normal
37.14757867370222,65.43454145318631,98.44506419386649,normal
36.66580343130237,82.2481308938809,97.1017832657911,normal
36.7622639239701,72.44579929830955,98.64128727770643,normal
38.04920193633319,83.75779782666453,98.15274399048236,risky
37.7881283088146,56.62715879268149,94.2675461039855,risky
36.692185662751214,86.46115655329771,91.45069615711942,risky
40.107209600003436,106.60929526366641,86.84032169242296,dangerous
36.97126715320795,81.08452512144478,98.4310026452398,normal
37.05583210253666,75.8778625383558,95.7304650175137,normal
36.97854710763107,65.45423453413223,100.0,normal
36.668762509902976,77.77905086262217,96.44075027186236,normal
36.81308073391173,85.56040832344603,96.06602595739832,normal
37.66536953265341,93.06889232460665,94.13195323157925,risky
36.644716610289144,73.79030361311119,96.97536565589087,normal
36.900337036996106,77.26835418138265,100.0,normal
37.57334899962007,80.01576130256224,92.854852989775,risky
36.44939658871414,81.14258251612017,98.12789954903016,normal
36.747234256270296,72.98563845427589,97.8272280640607,normal
36.49204541017668,73.06375739317501,95.94981877759125,normal
37.1458651886267,72.80186077313725,93.75492700322498,risky
36.8174626155338,62.85623761735501,97.53668104052242,normal
37.23601534313531,84.6365771658457,96.2157099592701,normal
36.968235357910466,80.66440994540221,98.58070307805235,normal
36.77535464648223,80.93836665270503,97.51408801956656,normal
36.481281941555935,75.42645677766119,96.71928360249318,normal
39.247758717425626,114.64869325339089,87.27659385948748,dangerous
36.6638608639062,89.3035062734054,92.11160020376232,risky
36.63572748884,59.66329825058638,92.631225031533,risky
36.927637268535484,64.2641908549663,96.92843296578702,normal
36.471117473931436,60.47959293924565,99.39175759483746,normal
37.02774654809079,67.38791679418624,95.0,normal
36.82009721516746,76.1275137416328,95.0,normal
37.5,72.4737474721159,97.02089393786942,normal
37.38987774814441,49.26236756939714,93.79924995119521,risky
37.12576866974947,75.79758586303963,96.96245956188228,normal
38.01832691523532,58.85519459976628,98.91012116496354,risky
36.72422955458205,62.017734544281204,99.44861695589745,normal
36.34554583259424,68.42788038346383,98.2845981914852,normal
36.95916448457401,81.52055482733708,95.44600166585634,risky
38.090521561507046,78.14273067836434,94.0921211612067,risky
36.878202129747166,67.59755876923664,95.99256494809292,normal
37.441980234147174,90.13140737901739,83.3159429926681,dangerous
36.61190988266367,86.49958846397543,98.06162790318321,normal
37.596441199390576,88.60537835237788,93.45753208347152,risky
37.55418358356014,95.6320006688885,98.15908724162328,risky
36.16344353029742,67.13742410324454,98.94549181984166,normal
37.77092986234443,72.74605050927639,89.42041569710568,dangerous
36.60480722926345,68.10299692988244,96.1114091136417,normal
39.309329462149144,70.95985782712108,90.35320601213725,dangerous
36.92864495009917,77.54484485810515,97.26466233291583,normal
38.34125089519915,74.2949190140997,93.18886596164272,risky
35.278202261901754,76.35240170017774,90.71414395856499,dangerous
37.5710626835197,89.99143276253328,91.50927599845926,risky
36.93314582844386,78.19707242743469,95.60960429263288,normal
37.07572294489633,69.67780364649079,97.40108847110785,normal
37.150334618497936,74.03536674640971,97.5064039931128,normal
37.3701540069137,114.96181408427795,87.58584445008287,dangerous
36.60621074626264,65.60646394679797,96.27588471672695,normal
36.65316816724453,80.35328701655257,98.02283723443946,normal
39.27004198447972,99.30993356604515,93.86346326409627,dangerous
36.84251507409197,90.0,97.58997675909156,normal
38.000147004603235,62.098015022568184,95.83087400171239,risky
36.85331030027997,61.31724513031919,97.57029677650894,normal
36.77098606643888,67.6406473055284,97.59870417152811,normal
37.25639481557673,79.98648718518368,96.35256953092292,normal
37.10031382777014,60.0,98.01681297929636,normal
36.698874208664584,67.09277869167248,96.54629547026781,normal
33.673908091172784,56.85442903493112,85.67126099960065,dangerous
38.03732091068283,81.05365814498907,94.80194362918365,risky
36.56119224295895,80.60805710878878,97.03196747300791,normal
37.82792396176183,83.7254959817906,94.95605796638169,risky
37.11594585599987,71.68355876914676,98.02225104605894,normal
38.67300615369216,103.4639052117814,89.46289184505115,dangerous
36.689891648275,65.37927823481024,97.12921582456956,normal
36.923834278080946,78.57648127995591,99.84518947398092,normal
36.95580395427235,84.26191130402063,96.83685977731471,normal
36.718182929075695,60.0,96.91855770022327,normal
37.046570751312565,72.69637654590537,96.5514889743012,normal
36.56815243563872,70.10545114607993,96.27195467825635,normal
36.481308885882164,75.78873944508145,95.62086364864929,normal
36.41612690997928,67.00145137843457,97.03913657531625,normal
37.56219171534418,95.0950991207784,93.36885730947841,risky
36.914722923855216,73.33161766570444,97.73867689601222,normal
39.16061093328157,88.57482140441208,87.85919593983161,dangerous
39.933849840257196,104.89374719556201,89.70500993671376,dangerous
36.55147678467737,66.92343785847585,92.96004503333225,risky
36.92247582671434,60.0,98.54373345598846,normal
37.87797704306264,93.05415600508462,93.48932776862767,risky
37.01270112727655,71.28211444570219,99.16017582317421,normal
37.86003218172454,101.33244404285301,96.38456534879808,risky
37.29349031405038,70.00771168354898,97.86483544458365,normal
37.22928264295125,65.96137274981814,88.82726040382498,dangerous
36.952397398073764,63.173067150609015,95.0,normal
37.06153477460817,36.08172876226788,89.34722620649856,dangerous
37.19052238681964,84.49208957381482,97.04800622359865,normal
36.91316356251935,84.52419223387473,96.90137460839051,normal
37.79530438151335,75.13871178305553,94.27711086834358,risky
36.9877002043295,65.14273954866974,95.39366125290833,normal
38.20082919972053,107.62729280554917,87.18063316603633,dangerous
36.36273455016052,69.52632738360109,95.87176539161412,normal
37.79720821062135,75.85089644849921,96.55358689865058,risky
37.32524753189891,94.80777713535517,96.94064462105658,risky
36.072081114524835,52.27662399655457,93.31994056105941,risky
37.39923914949865,91.3987067386677,90.54890500527961,dangerous
37.561392283416275,57.61121840624005,94.84012592817415,risky
37.21464769731126,77.18967910071714,96.74932287952471,normal
37.8262593565686,71.33761275741773,96.62413919558993,risky
36.99506035338759,71.20659308976494,99.7699554940715,normal
36.63344014199204,87.04925655552472,95.0,normal
37.423024395068246,75.05548361785243,97.6450624707866,normal
37.282203672806,75.927799613106,98.10231667907473,normal
36.79632596814592,64.82196502811335,97.1137068372906,normal
36.55941908963942,81.64518034880149,85.00697628177805,dangerous
37.18692582622482,77.38545081015967,96.79231602402434,normal
36.741095045274506,71.42718992468748,96.94416664523524,normal
37.5,71.2315208022028,98.72390998942852,normal
36.725744409334546,71.40453256719962,97.93100814632602,normal
37.22265138072487,87.66492246625151,95.79627321126868,risky
37.83404071101464,85.51396422575361,94.77160140485566,risky
37.31808915537002,68.80291051508318,97.33702708862783,normal
36.503572275974946,52.80945087878202,91.1495714442548,risky
36.92657622627058,84.90969015246918,97.68030145227097,normal
36.579622526960584,65.51798050388496,97.30085379584641,normal
36.32110455237106,88.42149173817452,93.82397346683734,risky
36.46260737244864,60.0,98.91651523284776,normal
36.46409903161216,61.64254819423276,98.74124018106778,normal
36.77578502596742,72.62908152252872,95.0,normal
39.098422634108246,91.05117754604557,93.34172822222948,dangerous
38.20585235240798,93.46855458560383,91.9510664331992,risky
39.86128854618101,89.51694074362742,93.2841796922311,dangerous
37.98420769417754,92.22714249494176,94.5248351801721,risky
37.91931696075005,83.83588469973272,97.35588756990535,risky
36.506370885265305,68.4456539193911,97.56595073956728,normal
36.41147636838091,69.31372240567897,99.50353228793409,normal
36.744413702336686,70.9614344021326,97.06571720796866,normal
37.33930595805485,77.12674289013609,96.14323151532581,normal
37.27795598799182,67.91027458855052,95.51559276961213,normal
37.69938128316786,78.45090534594816,95.37873126041501,risky
37.44318322679759,77.07135217854409,95.0,normal
36.8986253328979,67.7619183698637,97.76990114967003,normal
36.51400141752239,72.98136252795837,99.43701768770434,normal
37.69727337488575,89.35659481536659,96.12463129086107,risky
36.68995267645559,68.86593480764942,95.61638472325225,normal
38.04692862497926,70.92706619364039,96.25073063153033,risky
36.89575235312575,82.72360356818515,95.0,normal
36.9616730131054,63.70203076538835,96.71449198287459,normal
38.131853338827334,123.15219068005139,92.79924173487485,dangerous
37.07977724956192,60.65307413653575,95.0,normal
38.08277056456085,94.88364838737763,97.11606999338686,risky
36.91559521391865,64.92914051039094,97.2305876589183,normal
37.0914712852863,77.16300759668118,99.05294733629853,normal
39.27559037266935,91.00279646164567,90.30638622116062,dangerous
38.16791669320419,55.85919669896766,98.59484284257941,risky
38.30310435314405,61.470813021611164,98.4062252928616,risky
36.59540472560066,63.98703992084067,96.57834956067107,normal
38.27396032677159,67.47034921599693,96.41529867080818,risky
36.573385120294,67.10785757606442,95.0,normal
34.609496894002184,52.03278863293194,89.07728695225575,dangerous
37.424926648249304,104.10164962171822,96.6991899987206,risky
36.8837064577311,76.86317207773232,97.27991368473454,normal
36.500647337543654,55.66546867568392,100.0,risky
35.96118150602475,93.55254434633598,82.35054937582424,dangerous
36.403863016074716,76.17553252493518,97.44547700984978,normal
37.23233245649189,47.86762894567696,95.03168739969448,dangerous
37.273763844652215,78.13947783322327,96.29578842109757,normal
36.606935050304756,80.23968654064929,96.49783700184018,normal
36.61233118954714,75.16642826749927,97.74104527942411,normal
39.11275438453776,108.14070188794692,98.41801202725294,dangerous
36.8969237819348,69.9811719829897,96.56228309662669,normal
36.91976693678158,77.17756751762192,96.27522030655093,normal
34.72890737431273,71.98038525807348,87.26321826515634,dangerous
36.41095041561324,75.19750361402113,96.02296465931225,normal
37.125794634852504,67.71229243908762,98.21208669742171,normal
36.729623859987456,60.677034063596686,96.36903201585196,normal
36.70170135602066,68.86313477494274,95.0,normal
36.984780682083276,76.74481006374707,96.53568034102902,normal
38.33489334440018,118.28796918672741,87.13577450708746,dangerous
36.87068436743257,78.16692155109574,95.0,normal
36.971774834406844,83.19484349268802,98.38695052436915,normal
36.96276801307579,68.2926584575003,96.30140536964461,normal
36.883990587895944,62.996087621612986,100.0,normal
37.29837776436436,68.34322994730982,96.09668190945733,normal
37.82241977579083,105.0,96.76229609330865,risky
36.666069915634836,73.55271994318646,98.61044762478966,normal
37.03749880818888,76.99295853641723,97.94251826389642,normal
36.91657358135929,90.0,96.99089363269016,normal
36.86493757687459,72.3645747192305,96.02259947859127,normal
37.43664685910379,80.25972208440918,95.0,normal
36.634333086715706,77.06345454204408,97.30438453127695,normal
36.65751640665171,66.7733661394103,99.64818136042165,normal
39.799014742474796,111.52935046096137,89.38373342717423,dangerous
36.29492949750984,65.63351882124809,91.89219686174822,risky
39.34950720302834,97.2780811933487,87.37081041365913,dangerous
36.3221018799405,75.52379790368319,96.97054330160998,normal
36.37076746936458,73.02483531928631,95.97842251378768,normal
36.55904631479589,83.94150855167618,96.59331459843615,normal
37.66820568696987,65.50242411876413,84.37289680903244,dangerous
38.25739102309708,116.16220777778294,94.71055875393338,dangerous
36.63131374122771,63.89735103732461,97.47137099889291,normal
36.9533579783818,83.98616237997096,95.07155780513355,risky
36.85540409175947,61.22298968376243,95.54257894223402,normal
36.65209971960235,67.2850819444463,98.27440314553154,normal
36.80849551283914,72.23804911596595,98.407425708964,normal
36.94311224816693,72.61457512848204,95.07551166371715,normal
39.750439767930516,94.43510084711839,98.63713689297765,dangerous
37.06498868566006,48.11191249622881,96.89737953667782,risky
36.710730948992,83.00565450649296,96.7749166194512,normal
37.452422607208604,87.78330987318606,98.12128586097234,risky
36.83767293604146,70.61542540572904,97.0233685713722,normal
37.15898944599369,67.12173676544494,96.79897424999062,normal
36.79429513762919,63.97976508289753,96.97223029601142,normal
36.46060731177754,91.06485128117197,88.58753574103206,dangerous
36.52303002616672,61.18652315506933,95.536190120534,normal
36.64128419679611,78.35411743697462,95.11856586524613,normal
36.9127094055037,67.19489048064956,96.56245937531008,normal
37.04910074496327,65.15132939272907,97.10734935582909,normal
37.733822931911995,73.1693894831656,96.2935860239711,risky
37.059726558251036,62.39762874355379,96.49824814623858,normal
36.67445541680905,89.48217780748661,94.6380978483865,risky
37.02263824732157,72.60346911121275,95.0,normal
37.5594408101492,97.0070718263254,92.61773724291898,risky
36.84509052843856,69.09110230228916,96.9145815644184,normal
36.746915831751785,65.61362204369237,95.0,normal
36.671935679015775,63.90316499791866,95.0,normal
36.87841104047721,86.31635138483027,97.41684208578917,risky
36.67156545171022,84.00607832507448,98.27533261317024,normal
37.08029597337178,61.06497041267663,96.66285189716098,normal
36.46128446863483,67.80383786976181,97.73406184184188,normal
38.242609620506364,43.066412388668084,86.53307306606837,dangerous
34.94358793650516,62.055204647615945,90.24880405788974,dangerous
37.26518857696559,85.75184282182731,94.63744917437131,risky
36.79898766277671,70.63852301980057,96.32015792600909,normal
37.40401617425798,73.0922826486619,96.45201767303183,normal
37.10908503620955,73.91031327221211,96.61143678126895,normal
37.09881430574174,65.94563929144431,95.0,normal
37.538119113840786,43.56160443878774,94.70278779757756,dangerous
36.564203161847615,61.35013637153777,95.0,normal
36.732267109854035,72.5402256375034,95.0,normal
36.73370912014003,76.9133336003474,98.13626156507095,normal
36.599556774338296,86.98638220974037,98.62007209857197,normal
36.81699497746913,76.23754203485385,96.89425183291137,normal
36.64141499547507,76.69091215004075,98.85742460715045,normal
36.766632181595384,64.76873886828169,95.89670508611535,normal
37.783557409524754,91.85799162144525,92.14350636650906,risky
40.52925185773649,115.20004585632299,92.57696367428959,dangerous
36.81788911097605,66.82450577835542,98.04733497042038,normal
36.9101861940204,86.70546941436098,96.66480102644222,normal
34.97046377099657,61.20007316539984,88.27897552485203,dangerous
36.9467561390443,77.07777174849416,98.66454976293433,normal
36.348583887790696,78.08044770951682,97.12365962940176,normal
36.478358296404316,60.0,97.6548397062365,normal
37.14856349078246,64.58117492647541,97.35755347410218,normal
37.95863043173747,93.75806353718545,92.06009056319326,risky
37.084866240632394,60.12081625240077,95.0,normal
36.855007975933745,71.87752120661604,97.86893724940164,normal
36.43336165733241,77.7039874413791,96.63951190276279,normal
36.79233377870256,81.38183215407491,97.81540023189164,normal
37.458246189667896,49.563770305685985,94.81240935548735,risky
37.046951175188575,72.58654373750723,95.06505865038842,normal
36.855936294430826,66.70570828185289,98.27865000219434,normal
36.40865914984854,77.3573803906403,97.54989736914527,normal
36.39204315770602,77.97002852821777,97.96822627171161,normal
38.422736471421175,65.3854516634489,94.26992154730202,risky
36.86468971023603,85.71107420537223,90.25878846892051,risky
36.49274395270123,86.8327405306735,98.83155054328803,normal
36.81140104345046,72.96025061374608,97.92027695909563,normal
36.27177117225325,78.02673296883626,97.57173757732417,normal
37.362948639182,81.63063436245004,94.50849052796387,risky
37.171344893592035,60.0,96.10093746556934,normal
37.18041392439111,55.23980722990773,97.64645775669365,risky
36.140358213013975,75.52011560042666,96.24691866347108,normal
37.38566707322558,99.08119140169859,95.01573956809868,risky
37.851249569523986,98.08165924863071,94.43989315487019,risky
36.94901424590336,70.89388559063052,97.97153280715104,normal
36.78632419509335,73.94671559458153,96.63814591321551,normal
36.95388289768336,79.82191024840802,93.61148438043742,risky
37.223666166624625,71.36286887003428,97.6785576943746,normal
36.840195424071126,72.96614804494709,92.72665389057255,dangerous
36.985746278301555,88.45996375769359,97.03119056151311,normal
37.044721163761785,78.88378790687796,96.12538384214659,normal
36.58447782032924,79.15939501555553,96.55757548256196,normal
36.95027515628731,64.17955804161159,97.14899845814384,normal
36.56979573113358,78.97856509376543,97.27501300860753,normal
37.07549498180069,60.0,95.51555779514449,normal
36.967498073756516,72.6080431312993,97.80813398866955,normal
36.850538292880884,82.54078028486367,95.49018615208054,normal
37.04887301526197,92.78944168071925,93.82800437248451,dangerous
37.23238198671983,60.51310279056449,98.74474562823244,normal
34.34293579395565,58.65615290178114,91.29720722777023,dangerous
37.232470586197365,60.0,95.80465711679429,normal
37.48966943708577,69.09729151648273,96.33174621789884,normal
39.06299276949917,76.1944980515267,95.38799841045966,dangerous
36.95413578527366,76.12038149044838,100.0,normal
36.58072098801742,71.73498421700963,99.69183679527669,normal
37.3494376297563,81.4355209657703,96.29623652184294,normal
36.91060199266187,68.85328950138111,97.04311723440223,normal
36.47230617059822,69.46873240244159,98.81964654996878,normal
36.32482915295428,78.08331724915438,98.17870023797624,normal
36.71917794966663,77.7403380463677,99.25353557814404,normal
37.17082795256313,80.73048096475415,97.91370718136076,normal
36.76866523443876,70.64942621447992,97.10507824466977,normal
36.98685497970425,63.45903656493925,96.78643077246807,normal
36.44896609218219,60.0,97.81219409230718,normal
36.82321049229428,65.10972638937389,99.28468611590449,normal
36.55745191913204,67.98594365132371,98.37310317655312,normal
37.87915551032218,75.80467729503218,95.82925535306836,risky
37.14312621296207,74.70797125995531,96.3770681291488,normal
37.10677112960289,90.0,99.07640922776578,normal
37.63061444486368,71.7618069123012,87.06237178869951,dangerous
36.540802769096054,72.38817302355862,95.75357482538344,normal
38.72678353467469,78.26681057110535,97.14418555680984,risky
37.41822437746459,86.04272673954563,96.62655377728139,normal
37.02541613701153,60.0,97.8150402885699,normal
36.527592777343635,60.701570389317666,99.19847315338234,normal
37.34524773666855,58.870657308096824,96.61281970997042,risky
36.749863485864076,74.2606396039064,96.62696331072468,normal
36.8245622418159,90.0,95.0,normal
37.63511968360391,78.33349406109477,85.38496576348935,dangerous
37.1731971432226,96.20809832446255,95.43346498232107,risky
36.78870958927254,80.82641505613218,97.17134147299306,normal
36.82222843412593,85.02892436457033,95.0,normal
36.25441260229913,76.42695674640068,93.86860056528911,risky
36.58869689283717,60.732309629091525,95.0,normal
36.62790139793593,67.62512847007686,96.950870094676,normal
39.674300816397036,102.48387757812847,85.94852819359264,dangerous
37.03350832284999,67.59051426937174,95.77270167486654,normal
36.286059641272736,82.8309789933233,96.82819023212107,normal
39.821988097651555,109.3353212166393,89.30486953374837,dangerous
38.61448073285269,81.5918304919208,97.13588348615026,risky
36.676436910163254,68.09915020742005,96.35116271827057,normal
36.37944468116231,76.69485675040217,100.0,normal
37.22480451503591,77.38182383206238,90.643509966488,risky
36.49819478555008,62.286491097698146,98.7371663102501,normal
36.726181253561016,65.25402723747047,100.0,normal
36.726383565199136,65.97011068514009,95.66572835556171,normal
37.17432262180212,66.61207500604905,97.41849124333571,normal
36.51819938185437,70.84729955422708,95.18545788573834,normal
38.132762613613906,64.7168504853495,96.15494743747446,risky
37.818182863876466,97.71745930719972,92.71212293871748,dangerous
36.789252188267014,84.51714924651205,95.0,normal
36.96099582575818,81.48563323730397,98.0784299659976,normal
36.574462684971444,68.58913923035566,98.72266856379514,normal
37.071180452325855,60.0,95.4854039429351,normal
35.942040002264505,58.04797898194767,94.81997461377846,risky
37.91331829869649,100.64432549254698,92.4773587122582,risky
37.84961463233225,79.34650417818546,87.71909143378248,dangerous
37.32078914094957,73.58328626770118,96.02287299457832,normal
36.8696761091483,74.34457978638945,95.92847287296046,normal
36.97462931104058,70.18812720920134,95.56084114491478,normal
37.02982408351541,81.81546579107446,96.84976888528007,normal
34.67729106640427,59.12046849131981,87.60938882597823,dangerous
37.10516920364577,105.0,93.69275201943465,risky
36.88147365115861,61.78601139343752,95.37841518938761,normal
37.909819676030594,83.45407847789667,94.18358503106327,risky
37.38744231859984,52.64978926120249,94.8854393992746,risky
37.767267444704224,84.09121934405869,93.596508239045,risky
38.0962432976251,74.67362681649041,96.98308424175463,risky
36.732056332429536,74.93892405452942,98.37037693934987,normal
36.80091380604602,75.4955053579708,98.78596941217951,normal
37.109299856748784,79.45024095292959,95.74117371516604,normal
38.173406413909525,72.67066256267297,95.6893001307837,risky
36.806381473020814,74.47066410079171,99.55332241695285,normal
36.92294559707855,70.06993876305167,98.00886055180409,normal
36.8965093418588,66.6552763708556,98.48806352430478,normal
36.0,88.70699763824582,96.79061555776724,normal
36.92149451328828,61.91292836531964,98.37679292058216,normal
36.94474172457295,70.2122977173932,98.07100074113814,normal
36.43020473558046,58.198936658977686,97.48416593973867,risky
36.88011507976078,79.1170463649875,97.12342598391314,normal
36.628776111875155,65.34115541516617,97.7071233345796,normal
36.69540435967764,69.20593836545257,96.51754742317392,normal
37.14462971011163,60.0,96.4563385878953,normal
36.66701532464254,64.9215782877848,96.74058091011487,normal
36.78959453378396,73.87371786029216,99.32575073922112,normal
36.86265907850142,60.0,95.00772092665235,normal
36.97312163815416,70.37563691165606,97.55671881005696,normal
37.13245484502125,63.68075258299575,97.91916085759385,normal
41.48351153496793,129.00770292647334,98.48181459939504,dangerous
36.66855791216178,89.45450538210865,95.84345867239317,risky
37.12745205557673,81.96868153998103,95.0,normal
36.8995940991707,73.52399743823253,98.06417772570856,normal
37.31663422598049,35.0,90.24565715726129,dangerous
36.562959566262556,91.24581276196176,94.60453243339677,risky
36.6789054610274,64.35901936520517,97.6353985983902,normal
37.09255928893472,76.00875335951876,97.28437242489811,normal
38.38198875624039,104.44343347017035,92.9940593432097,risky
36.87791675051644,64.76546699916473,97.95788868816607,normal
37.52997027802957,73.08486525810005,94.4174574980831,risky
37.402171482285944,84.82670272142465,94.72378607324289,risky
37.21209756354889,70.90041188297846,98.4293118208044,normal
38.017912619208786,42.564722029297506,98.2515550740328,dangerous
36.468923204835264,73.43915320922783,99.0880034295169,normal
37.06449192708483,71.93621886946706,99.21991620833504,normal
36.95529770614073,66.19404949477227,97.28015014671561,normal
37.30318486463267,49.90219184140057,98.28432005650572,risky
37.62075333550604,87.17930879504212,89.28887482190102,dangerous
36.867897924385126,96.57852565924478,95.62932575436848,risky
36.456096382094394,74.42108372191227,95.86858622497097,normal
37.30331024422293,67.57129406633604,97.85347461877791,normal
37.00587805711235,60.0,96.29210220131586,normal
36.6308826341588,65.42223683546855,97.36553081723787,normal
36.8639589884713,65.98424534608945,96.52141909650007,normal
38.94000656514254,78.98833481680172,92.88712594128533,dangerous
37.027678576936026,74.249531391755,97.15630165592782,normal
37.047624904696406,78.50807708800511,98.95821821073149,normal
36.87348997133262,67.94445459703095,96.29344254157252,normal
37.05005868848267,60.0,97.56108485477135,normal
36.78930755531075,60.0,98.74710903168575,normal
37.3135125440427,61.024790856549146,95.0,normal
36.75589939951145,79.71103293435928,100.0,normal
36.85971790867204,67.19826498272964,97.10470312748502,normal
40.0965507477538,113.2360222609861,87.57097093518853,dangerous
36.37095758661181,68.47964410642413,97.19611086592914,normal
37.114865814595795,67.71811830751545,98.97609109845149,normal
39.20030003902018,87.97680889346165,91.11745705976776,dangerous
38.70583833778921,46.191280606770974,95.54812408853162,dangerous
37.23539053295376,90.36247000963237,86.9723523974267,dangerous
37.97770557633245,80.89481683418099,93.53967827696894,risky
36.592273706037844,60.74946029062533,96.87534164105696,normal
38.32677704680487,97.00935612994574,94.32809184083861,risky
37.2758050448436,62.097476009385204,100.0,normal
36.48268672131323,78.5803592968255,95.16873452504346,normal
36.96501562970736,64.25324436109092,97.15806325921893,normal
36.58159911763126,70.53682847116127,99.06231462872228,normal
36.64895730376514,60.0,97.10284446220903,normal
36.50283910246079,67.46961816317783,97.14947704763146,normal
37.0632086871727,70.23228660936269,97.0403287584918,normal
37.372824992141034,60.81145940944687,97.84445385503585,normal
37.5,67.48601921074089,97.27682695479555,normal
38.286685960463366,81.82594889489951,96.88586985866614,dangerous
36.834507823744225,70.71893763546687,98.0070101146757,normal
37.33574030050346,82.93707340900016,93.63670964137187,risky
36.551301496723376,67.51855167842425,98.1209404076849,normal
36.857614734947006,69.52706828637999,97.20031135717342,normal
36.60444916765935,72.37918937053131,95.70937995207407,normal
36.73596713872094,83.92580909479962,97.22300118580317,normal
36.87013577353722,60.0,97.49632034832169,normal
39.57794891722778,83.52682202016082,89.34792229937142,dangerous
39.51674158936574,111.55421765677217,89.75043391431433,dangerous
37.406536815814746,72.38356946162136,89.04178724961015,risky
36.30154398131931,71.47136161082146,95.18347570035631,normal
37.08223135639646,64.14010085169352,96.66305027500447,normal
37.02554173958758,128.98287346390578,91.05377885112422,dangerous
36.88889766853855,46.086308145380514,95.39228302304731,risky
34.532358909101205,72.52292200608251,90.19295036075553,dangerous
37.11582400774199,88.17410833065927,92.7124411291543,risky
36.5459115955045,64.06886120434955,95.0,normal
37.54174056275993,109.6185109585728,91.6739086927226,dangerous
36.3865622327431,69.78425892251767,94.01446508999636,risky
36.63125996723171,77.05926191244417,98.45883167444009,normal
36.74585602592281,90.0,97.44812936254853,normal
36.918045615626525,79.16154576022186,97.95275770252296,normal
36.584046737481586,68.3148898323217,98.58568333932837,normal
37.05219306469662,66.77900816558088,96.33072485017783,normal
37.194085128834,75.46472424443535,90.9934358641233,risky
36.723506834773744,84.0319439086615,95.0,normal
36.684633336731046,80.05034247371552,96.13466219571528,normal
39.98727888515417,82.29723550811953,97.74885671589,dangerous
36.7783969635259,80.02826318313619,97.54245403757145,normal
36.65968963960643,74.77203105384572,96.92961913168122,normal
38.44131441346952,76.30365880904844,94.50158608457149,risky
37.17707338351721,83.66077202988518,85.68694774490424,dangerous
36.95685064641065,67.41039996849136,96.96346811160852,normal
37.05154723233549,72.65463486838053,96.85166552021329,normal
36.69405011215679,74.70787074769353,96.55689788479145,normal
38.59203741402804,81.5588937755432,95.28901877758811,risky
37.24881329344675,77.23492525083246,96.91662299363432,normal
37.726794002667155,98.74082669749973,94.16123081682716,risky
36.68440592094147,72.90813876200998,97.99319601178156,normal
37.28461270684083,69.42143624630928,98.82573778123825,normal
36.38669918961287,64.49739968067902,97.772552900813,normal
36.58090184299524,69.67658034579536,91.35581546289289,risky
36.60878386180804,81.51213224886041,99.13075637198479,normal
37.949566968412014,56.83824646495711,90.96571371580751,risky
36.74751207299138,65.95403872405724,97.8047647653556,normal
36.440636632223345,87.71780106333111,97.05289532795759,normal
37.12668517909021,72.5142401527637,95.38338283310604,normal
37.698424100906664,89.32931283656848,91.52825170329048,risky
36.68354695443763,73.3633297790039,97.24086097157479,normal
37.16036417664918,68.73539701582759,95.0,normal
36.85896643295347,80.25475631574908,95.0,normal
36.17542117763488,85.5716509463203,97.31652620080392,normal
36.43271052911319,70.3278139417118,95.72421931868605,normal
37.242606865084866,78.86127698561616,96.76009220505486,normal
39.146648179688746,127.5165648680236,87.99476077233648,dangerous
36.95408003197091,67.7383932827047,95.24512474643457,normal
37.71064149147625,88.8706210103124,92.36859167146157,risky
36.85838223657117,66.06023531441562,95.01996623316894,normal
37.4569408799653,65.53361371715879,95.74041723672883,normal
36.58446673362427,70.29242278630522,97.466361348397,normal
36.952350726886884,76.30636863239707,98.60876100596471,normal
36.43142930973189,63.7271305943938,93.03207331665706,risky
36.555256914510366,71.38318632468717,97.51172796222497,normal
38.81014086389104,102.15356494566088,88.29615736436698,dangerous
34.52984000761733,65.12712081307173,87.68676616746525,dangerous
36.4839753310479,67.00984831443355,99.87104703080018,normal
36.6696511317703,69.52662301225088,97.33320065745058,normal
37.0440551652109,62.15308546852836,97.34118990190619,normal
36.327082352904725,83.81232279780717,99.07013703122118,normal
36.8744661758901,68.32511280367805,95.72523344580281,normal
39.52402518333127,118.38081819265156,90.73878287029146,dangerous
37.71026067164433,71.0466265638349,94.09780605643245,risky
37.77627495155291,97.95667489783965,100.0,risky
36.3017117199452,75.43694575306068,97.31153153074467,normal
36.97997861899886,84.24600665874958,98.82814277754598,normal
37.429252821077,101.54311726420023,96.27659737957163,risky
36.87481510511322,84.6196262381078,96.85705670141957,normal
37.44268110758355,85.82034536080569,97.65448550451104,normal
37.265645083099784,76.9719445254422,85.12748415005338,dangerous
36.51803606410179,67.88906466130645,95.41117971716658,normal
37.23534308233851,79.67416660868166,100.0,normal
38.116428605248174,90.67922133331888,95.79175169155096,risky
36.87514785510376,74.77158567597581,95.97996291763226,normal
36.688815700374164,78.17358968518676,95.0,normal
39.995477988525316,102.13929923019562,89.84023599650395,dangerous
36.51052296182596,77.48841167998751,98.58763673027438,normal
37.198458242554715,76.44984007520527,97.68383165812241,normal
36.96574698632514,73.7913130725173,99.04621064496077,normal
36.61104059366631,56.52400176872016,90.77058445507456,risky
36.99281682796026,82.63322024105945,97.2947817545522,normal
36.70723628724463,74.65010745122851,98.46331769068354,normal
37.05529604467188,92.39270949839845,95.97903004628799,risky
37.76318168021962,88.64876739290239,91.71946824244404,risky
36.86255062105719,72.13304589619166,95.14523345483981,risky
36.89294621306811,77.07021504745678,97.62069864617725,normal
36.331042757391,79.06487821717727,96.8832442044808,normal
37.51854678737168,89.13488844166,92.32787843901266,risky
36.74229171056566,74.4123787386689,96.94793234544214,normal
36.25853536980064,60.0,97.07212741999207,normal
36.94177924472391,74.048237874511,98.47403647591827,normal
38.245738756521476,67.86684164402274,97.40237265214074,risky
37.336691565896174,45.0,96.92302481003162,risky
36.69288169072565,69.81314593002448,92.75501878907416,risky
40.453997247225175,93.19829535182946,93.45273700854275,dangerous
36.59008234760222,73.71183928587378,96.83150792546375,normal
36.34527676550083,84.38004161064049,99.69381650964328,normal
37.90315344693729,94.15117890579579,95.26223905670628,risky
37.36996458046856,70.93893002893941,95.53820604299403,normal
37.84322791428224,85.64826441868654,93.8926011222129,risky
36.684475315875105,66.58462399755233,97.9175144332613,normal
36.62018220636679,60.0,96.21136746747887,normal
36.597082309382216,86.40752346328652,96.93976307403348,normal
36.58904707246223,71.7200920760243,99.65620095345326,normal
37.20304259850812,96.60613417813025,94.85841952940916,risky
38.46678747705791,112.35818757949524,90.03909265954879,dangerous
36.80552551375686,85.41149849820226,97.49039106064625,normal
36.869614981207285,60.415325268021405,95.0,normal
37.69631714559099,79.27226855827841,93.38377856806812,risky
38.075924284298395,88.91135702480616,91.48833360425846,risky
37.05070763361954,62.962345162739055,97.79470626687292,normal
37.18353555878219,73.52879254415923,97.06965482223423,normal
37.871799240119245,73.23049710209526,92.60573370971139,risky
38.19711998168387,84.15030193772319,90.19695263461284,risky
38.05385480369091,90.65629535585632,95.26240812664433,risky
37.92335297207244,74.45959289058976,94.8527964542062,risky
37.02861625950085,95.80478306074076,89.35367595795553,dangerous
36.73889787494691,64.97613930594751,95.7596794689402,normal
36.24340290403113,105.3227976343395,91.58566201456514,dangerous
37.264980321505256,65.7339736613101,96.51690772569148,normal
37.447381515959364,90.54290134427289,93.05719128790173,dangerous
36.10942365057932,60.0,99.05031140116678,normal
36.705941348457564,52.44198864312651,91.72973370956689,dangerous
36.52773090138752,67.38582935545334,98.13308683873863,normal
36.90308548687054,60.0,97.48612595409219,normal
36.75571922411039,68.27170798505406,95.0,normal
36.87796483827452,78.25458297421848,95.14457393368288,normal
35.15503159817084,63.61392070283149,97.24380888630017,dangerous
36.28961627059291,66.8263562898308,88.96477963401772,dangerous
36.940632276822505,64.01291648649367,97.4526878497292,normal
39.49492286314173,90.08264710485955,92.98451810712311,dangerous
36.998864380600224,81.3877908598826,97.27153233805556,normal
36.64070091349945,67.01487578860188,96.16678432125961,normal
38.396718532635234,95.02055154015926,92.35111822664707,risky
35.032594908227814,55.362994049887256,83.27835365480674,dangerous
36.566654993722736,63.11539323627337,99.62840566513543,normal
36.827528232960645,60.0,96.67049216824373,normal
40.52611891303728,86.31199763418014,93.32508010213506,dangerous
37.04532988976008,83.12166039213851,97.8367154595278,normal
39.34278230445809,109.2376055964151,96.55703549938531,dangerous
37.018288863091094,72.4155670864584,98.09896011582337,normal
36.68755375773512,77.68767974562793,97.66639496722905,normal
36.79204583736523,72.48184167952822,100.0,normal
38.57687370749362,88.42469021446865,86.52514672355485,dangerous
36.991619066608756,62.85596069815613,99.45014729845164,normal
37.25040009558664,69.41856128926291,96.62375047531742,normal
36.48566542489201,62.10040460357125,87.86627734042985,dangerous
37.15987047692572,103.64992504857729,90.56192792965668,dangerous
37.167779243272314,89.70414257762712,94.35513684549028,risky
36.44550165339454,99.14724534840919,94.53556431916047,risky
36.989834559831884,90.0,97.27279938258775,normal
34.49961825948023,52.41033317058205,90.54748686529992,dangerous
36.16925479742187,44.33719152340456,89.86178650304248,dangerous
37.24325902431658,62.86648708693196,96.70951081108042,normal
38.42370835891735,93.19054637989116,87.52639658935725,dangerous
37.791643333386794,90.08353810666844,93.19173721571089,risky
36.47965912352624,79.60246073578861,99.56592005887289,normal
36.15791015487359,103.81355357435767,85.42149988059947,dangerous
36.60602813472724,63.347615971084835,99.53071245260885,normal
33.91977980917767,42.87622850387688,93.54703273982966,dangerous
36.76789089201363,63.71806142064501,96.16952604197922,normal
37.26509565367146,51.49870149438435,92.46173037463062,risky
33.997797715763795,53.49547653288295,89.30686835794444,dangerous
37.26589751498576,54.79740824982104,97.71030673096405,risky
36.59685148654636,79.800957867342,96.77941392774679,normal
37.08070351794424,82.17244075995328,98.08250809606486,normal
37.34231718997107,58.84258557074778,96.3594369061969,risky
36.73934220426983,70.25855037418224,98.64816527798078,normal
36.523797922076184,73.35488659228862,95.0,normal
36.92570570280981,66.35990515393273,96.91634638351344,normal
36.661806065499114,91.86148185012877,95.15497453115591,risky
37.28368347739659,82.51931562867237,99.45994679405709,normal
37.064159346204654,97.27894914792334,97.9986594224795,risky
37.635349792546094,82.56979018973543,93.3298757259089,risky
36.71340240832396,74.58174848270471,95.75915358467151,normal
36.99696608259015,64.20254663818143,98.18062690561368,normal
36.95121395465535,67.75793905302048,95.81069075160649,normal
37.324873022956076,62.04909411686972,95.96064220330614,normal
37.166046906660064,99.62764947752396,82.14669440788413,dangerous
36.9414405071408,87.05619597180026,99.01813006923247,normal
37.92759072126836,105.0,91.65262994617109,risky
36.958925660868886,63.8438589162971,99.30309253838448,risky
37.142844900133596,62.199346694085406,92.82505510139941,risky
36.636685182642445,72.88738071767892,95.27350963386655,normal
38.625645673333885,77.00619669873576,95.3092136906599,risky
36.87726511721683,71.40443267387066,95.0,normal
36.63612666552425,75.13443204322037,95.0,normal
37.75906576099374,75.05732875553342,94.6710990197002,risky
37.01009296382269,67.39489739009781,97.18301472196804,normal
37.448976416991634,69.537774120376,97.3287254914959,normal
38.35274371337016,88.05650526902541,93.00951829078983,risky
37.054226503145124,67.71737451236862,96.86420007654375,normal
36.98200229401138,83.36345285412882,92.49927076536599,risky
37.731332056773084,79.42015412255232,93.42002764834957,risky
35.11444891735196,66.67583515743065,89.63877516148501,dangerous
37.05017664636467,75.6734406338275,96.89475143281203,normal
37.770040377076356,66.56273792679339,96.21711941155304,risky
36.952182209332186,80.53339751671324,98.7539433856685,normal
36.625495725815405,63.88194615445707,96.026083682401,normal
36.78119627081804,79.6411385640099,95.52141093049669,normal
37.00290017888802,99.49121639878194,97.21285602738014,risky
36.515024216974275,57.07349264365443,96.32612213485884,risky
39.87859008388113,117.00333773039418,89.2628386880827,dangerous
36.97388995196407,74.60637053265734,97.291576452366,normal
40.01908925713525,127.09223166930141,88.58846280394066,dangerous
36.62584296505858,76.70862723536487,99.5048567565271,normal
36.79019157557177,60.0,96.86631994073082,normal
36.28898526819345,71.55561840882704,97.57609817340897,normal
36.986113756875746,67.22856086449293,94.68738121753947,risky
37.94848721931024,103.61721803443544,91.89267262516375,dangerous
38.172848891170815,72.4169824605397,93.7996915340566,risky
38.113122659975616,80.36581750876198,98.73941755593957,risky
36.74821181001775,79.06927949989338,97.97848431762013,normal
36.57397463889614,75.67977714351294,95.98342694537185,normal
36.23313778071634,68.38154944600738,95.0,normal
36.91833564271349,68.6321241534379,97.43466228534461,normal
36.56809706484336,72.19608139407154,97.74699743686817,normal
39.46677162344085,120.49091220367336,89.34292368245319,dangerous
38.52359420601319,81.05319779547067,96.11115111999632,risky
36.27237815407306,62.5339318986738,95.0,normal
38.897691948305074,106.55675291756957,89.03225859049004,dangerous
36.656702765970465,75.83183860597114,97.50049315793042,normal
38.21873331257946,101.07150880097558,96.90326540329919,risky
36.50049378777836,79.87457918781267,96.67901673366174,normal
37.15651798203442,90.0,96.20369684061951,normal
36.837567350794366,68.56475567099798,97.18344625454843,normal
36.86722774454312,72.10073920625436,97.14651414782325,normal
36.61880444398525,72.6927182997832,96.76648414691188,normal
36.56786324026893,62.042762373508666,95.0,normal
36.80310578595301,61.50531014119872,95.40232950538694,normal
37.29964233333877,80.11496052014505,95.0,normal
36.43281791997132,72.27266774607381,95.84504015341204,normal
34.28616138315723,67.1763800159761,87.27629827791738,dangerous
37.974335478860745,68.29782309487335,94.16693215918913,risky
37.79794230634767,79.40205544926162,89.92143938560247,dangerous
38.958695272798636,70.76884369361053,96.46789490426907,risky
37.247985896866844,104.34148709574875,89.07921029307238,dangerous
37.362851251764766,79.60339070548841,96.1346445165064,normal
37.784394093462595,101.13221558915322,93.87459829211362,risky
36.58940249365797,66.69679265959242,95.0,normal
36.83928736531968,63.746121012635776,98.97545407131653,risky
38.0273716188333,99.67285725841583,92.75290079909882,risky
37.84337835098894,91.93180050945553,94.25802354852378,risky
40.239176366867525,97.21311367797993,94.23096525917468,dangerous
36.79276247386699,73.58467808614284,96.78345938211409,normal
37.79768123332357,86.44073375717855,95.7006551453006,risky
39.04371890686905,100.22433995149638,91.80259462896504,dangerous
38.14505833043754,71.70736606307212,99.067455419833,risky
37.18203351428421,78.36763685388163,95.6379307262927,risky
38.45470932614675,51.47911457328893,95.43725516449189,dangerous
37.804296977463174,89.24950258352702,94.30284933944267,risky
39.03560415090242,128.7493772168344,89.14855848816569,dangerous
37.852102993841555,82.38930246717828,96.55846441378817,risky
37.09452964609748,69.40134893193103,95.0,normal
37.16701131401946,79.41013505296469,84.89855658945775,dangerous
37.262973058481656,68.08920462570981,95.32057385006648,normal
36.64518658153479,72.76896621552787,96.30658706694244,normal
37.74033804630408,61.90188546303313,95.023240357474,risky
36.945950493147855,72.51579531848097,95.0,normal
36.34230310562897,82.10067282741745,96.17221278116133,normal
36.55235084096224,69.42891326677605,97.61939718141343,normal
37.53963418018035,63.86395588218358,96.86595336545547,risky
36.89783990667263,61.991091388917575,98.38604052881035,normal
38.75051404118384,93.76967343443756,84.35608716531638,dangerous
37.84152421507334,79.68654671966728,96.88388129913882,risky
37.790948500011254,76.44916147093167,90.55572857029415,risky
37.11519631880228,80.84420746366388,98.78054545834057,normal
36.97711710008307,92.4235614413169,84.0511898767777,dangerous
37.53905319371848,63.249628016598834,96.38713879850715,risky
36.7445293590671,67.81821583584768,98.57351383875533,normal
37.82558439538972,94.32297516841369,94.51007694185334,risky
36.83004274711539,77.30751573770276,92.77766568361234,risky
36.905616618954284,61.98768460647645,99.16564690610988,normal
37.85417496198251,89.16190973425333,93.07114530253084,risky
36.63275246449765,61.041576163367374,96.86757692747312,normal
39.10026710917391,102.81451548811135,92.1292394823215,dangerous
38.55783107169751,56.83336239103,95.02009968967893,risky
37.098880045834136,68.0499473347095,95.0,normal
36.98654298866516,60.0,95.9092942362627,normal
37.876816459284974,85.41409628382328,95.61309016846911,risky
36.92939795142035,90.65860960212783,94.27987828975385,risky
38.12407899210103,92.40073516533455,94.61226335838397,risky
36.886750593172344,90.0,96.04339002362303,normal
36.7807584960221,74.63009928242785,97.48203582317541,normal
36.60831147569315,61.41528165274001,99.46302274020455,normal
36.69719372177589,69.02847307203366,95.0,normal
40.02328447668529,108.00485329592408,90.77753985437016,dangerous
36.845960116733146,62.28539312768284,95.74018043403862,risky
36.81710393746912,74.14873823090606,99.2927026396188,normal
36.66233472113932,80.62944666745037,96.94223729574894,normal
36.76347574748501,84.10759794593704,97.94621752683217,normal
37.27496795220938,96.78591131303328,91.6007785629989,risky
38.17331586092966,108.41370457957353,85.68074963328856,dangerous
38.63755028002903,85.44994857491432,93.79516713208199,dangerous
36.95584025648547,35.0,88.80260618649598,dangerous
37.374570051797235,104.77698641898444,96.22234432057907,risky
38.71553875911823,106.21193760763362,90.86314253736212,dangerous
38.017323141430055,80.03347684167817,94.97670436273549,risky
37.54226352324754,80.87928699360087,94.82140447568892,risky
37.801953131040264,93.72291157440507,95.4073329964836,risky
37.05218600795136,76.37386854561103,96.64160185124545,normal
38.95866335740159,110.06889363689736,94.29048453222855,dangerous
36.695204961164535,71.84464315289814,96.54523032574859,normal
37.18713909024057,52.9379180183694,91.51759671273479,risky
36.65472977814012,82.13528919349298,95.93849580157183,normal
36.805530179919614,74.78065364289337,96.19036047953595,normal
38.461861665163205,79.84652775904601,96.56347012765875,risky
36.893375046363055,90.0,98.67936236715187,normal
36.88806737964999,61.14734556301276,97.6996449736503,normal
36.92121525704436,87.08948720968424,97.26186671924776,normal
36.83398112316133,60.493776173461065,98.37884340186281,normal
36.88113704773395,71.59809512440691,96.64157792970039,normal
38.66011841052056,80.79842660997609,93.04534391818773,risky
37.296261414292566,118.23094758184432,90.26839672485941,dangerous
40.69361429548884,98.79747857056972,96.46103203783737,dangerous
37.693518764570314,103.70069752424635,94.00554350777178,risky
37.65115565257382,51.02261771046778,90.93689721418289,dangerous
36.10026803426231,65.03466712132122,93.78377115789864,risky
36.214373660143245,70.78571923971533,97.88247580972687,normal
36.722328507888776,76.69355041180219,96.28764451506622,normal
36.89234053066762,60.0,95.0,normal
38.12683933715392,58.34899425646411,91.12987262045435,risky
37.02164314426625,76.92293987210442,95.59684194693311,normal
37.0749658350317,95.0577946941851,92.83866130221163,risky
37.00337776140178,68.09670873483438,100.0,normal
37.14196356833871,82.53692053871892,96.82289720951339,normal
37.30122375665712,99.0599477413666,86.90399214096259,dangerous
36.94430276952101,73.79107219423305,95.81428831683203,normal
36.29211295574138,71.213282985642,95.51711333927362,normal
38.01338002730638,87.7581671934471,97.83690888788483,risky
36.39979235152454,67.18905884839029,97.4796729012138,normal
38.20951991624682,60.08830733421751,95.73222214686857,risky
37.84335572454288,92.15961084502278,98.55665894063743,risky
37.13796950886432,69.84889047556136,95.34021113688749,normal
36.87258868146981,60.0,95.0,normal
36.277741331498866,92.16415918617514,93.213083717391,risky
37.790708893542686,70.0557394653132,93.7954393562737,risky
38.689177729812315,102.58609369909202,90.10348159982185,dangerous
37.15884918236334,45.20304886954628,98.09588412350429,risky
37.04868189029552,59.08036421696924,95.59015241645179,risky
37.41875747577294,63.459736685965815,97.03632918500914,normal
38.724153880867995,60.21412415993483,96.63930365183795,risky
38.26955157975866,88.96605444951574,96.3213551425434,risky
36.90710464578951,66.45672323791477,98.34939981314987,normal
38.49963593770123,89.08788382475365,97.07463131508841,risky
38.130587268385995,72.47678326422655,94.26715877710289,risky
36.669354088829046,76.10484638540866,96.61067998362412,normal
36.54939588402207,89.1611930221871,95.21860237145573,normal
37.00891623423701,79.64244166856409,97.13261032943777,normal
37.19214282628472,60.0,97.27695078779846,normal
36.88883608311937,74.08844217743912,97.00767018496369,normal
38.591027212864624,70.47155230614275,93.2479154724213,risky
37.78893613159686,78.38957320185733,95.03782171728263,risky
37.0270965849936,64.622677406579,98.30440888015849,normal
36.80157310991545,72.37584475011793,96.32490179278113,normal
36.90713377145352,83.82315235793213,96.22259467258952,normal
38.67380444329367,101.62542846470882,89.96775330237608,dangerous
36.69171015025427,81.27463842691398,95.37840500860015,normal
36.91840145894689,62.432935503718525,97.66690400233021,normal
37.304355625872844,56.485636760597025,97.16489624930966,risky
36.7267530094128,79.71269734630687,98.78420573338695,normal
36.61616339285468,68.89838752051213,97.42879808608735,normal
37.168300697741984,62.32287185047036,99.50885858025656,normal
38.35698605645064,84.29594136393975,98.29884687200254,risky
36.78122206163014,65.96828328906659,96.57898738469984,normal
36.61646927272841,71.7037056236127,96.3560466632241,normal
37.26263298577036,88.04874310527299,100.0,normal
36.899694203593874,66.01210770754757,99.32672796328379,normal
36.94197128737206,71.41736869874502,95.72980942289739,normal
37.44950070347032,66.85185415695885,98.39176019212185,normal
37.150508665493135,53.21764181315835,96.37857578847111,risky
36.57226020153389,73.20315029180966,97.51263396366573,normal
38.19799671537507,101.62005719616398,90.11117736933788,dangerous
36.79358981169547,66.0223065668174,95.0,normal
36.736098221159146,54.80346356186185,95.6183651890913,risky
37.07014318303447,83.67201557731205,85.31007331805438,dangerous
36.86422812323906,62.03408977030409,97.25977138877677,normal
37.01706599075579,89.40094747712233,92.2621463287407,risky
36.76530551528352,69.59117043528569,95.0,normal
36.64084965571684,67.39345407484257,96.58742245427253,normal
37.03730958411291,64.72490036164209,99.10419146640415,normal
36.76371555541766,75.35625955125622,95.66876173329685,normal
36.4317176554589,76.77920055879886,98.05175911346635,normal
37.42262023959363,78.96899762745353,96.51096470174824,normal
37.58307368110924,101.3876167223883,96.01069157768552,risky
36.730719640937394,77.56965091850735,99.77343414241801,normal
37.323304336225,97.27459559615386,96.43566375902444,risky
37.359732353343425,75.7906633672943,95.21304475419603,normal
39.04737393451667,126.73139758918882,93.07006540273183,dangerous
36.859279881407716,88.60208698100212,95.96621827286565,normal
37.35325496497152,96.11935185964126,94.00971922633107,risky
36.89534163754479,50.50607975838436,98.84051386488392,risky
37.604112602622656,97.70705119923994,94.09476884133477,risky
37.354012197720806,76.67142548260772,96.46106186381941,normal
38.475186780846414,73.70755579701338,97.17710653954144,risky
37.11609253898235,64.40480888934445,100.0,normal
37.133121542771065,58.33083032735831,100.0,risky
36.618285523099,77.93676297607446,97.44893887060974,normal
36.75244112809191,71.78156368392054,95.60009806139021,normal
39.587893722635464,111.4558511391279,90.56716613709459,dangerous
37.12672243271123,58.25580730326156,96.6112584609163,risky
34.73823580013987,63.753298217032764,93.62355122239757,dangerous
36.65637541350095,82.04604900458817,95.65808904667074,normal
37.20669135764148,75.3074792257896,99.8151937188371,normal
36.861039090760165,65.94919403772558,95.0,normal
36.793139581310335,64.00558214164072,96.24283761815768,normal
36.8136970337575,61.086867848758146,97.18221722707709,risky
36.96298940871091,72.39088056260563,97.06088753680582,normal
37.14295933023799,65.17203971809587,89.11418104031992,risky
36.733623912924266,69.78549360088863,97.46111004671366,normal
37.58110039452038,73.89121873675982,91.17431939647064,risky
37.34879330017359,64.62730714902983,92.78860812858358,risky
36.80630115248982,77.45562377035971,96.53459986510981,normal
37.38167869971748,63.997349403155404,95.98338254421272,normal
36.96917273601571,76.75803473332229,98.28012333817045,normal
37.2569089569224,70.12677300221331,96.64879456457624,normal
38.18991934987003,122.9483973232566,98.93974630334723,dangerous
38.49826044202853,106.48714236989326,90.50556718198419,dangerous
36.89730778451648,62.56768167072158,98.78151908269234,normal
36.56224377847019,71.0821084682648,97.75748091847069,normal
36.838766354592565,72.87515835683914,98.08864993584804,normal
36.69718564504197,65.58178184622705,96.75807143250098,normal
37.170349157427985,93.02952195706554,97.39555380202242,risky
36.68833796717868,80.70998895763348,99.82687945890191,normal
36.75425904908583,77.66486941350873,98.43505347519188,normal
36.835874110524244,64.21544847294756,98.79485725249674,normal
37.074898302410745,74.77190780718394,98.49701516478947,normal
36.80306991830587,64.14793079161639,97.69315521139491,normal
36.654834249783704,69.43722153444544,97.63624891960288,normal
39.64571568774634,109.36643280371621,87.72001636644511,dangerous
37.06138918923717,61.23216255802601,97.18956936931961,normal
37.272196028987004,62.19387469598127,95.0,normal
37.384131949271925,48.252255759128154,98.54997823860009,risky
37.022979228206815,73.36692350502354,96.72402499547098,normal
36.859058370760735,77.90773263996329,97.25705242178496,normal
36.47897457010215,60.0,95.96213789517813,normal
38.082584463136975,79.13134237679972,97.51621239703495,risky
37.48728277177722,60.88342026589123,95.0,normal
37.1196441125196,67.86169239919703,99.11402116027837,normal
36.53731452398457,60.93760215228531,98.38926632129746,normal
36.48413271010175,88.36032607132726,93.0526900048916,risky
39.50428069372716,97.42717996006449,87.5755584727019,dangerous
36.56600000023072,68.57263993889507,94.28492565693851,risky
37.65051862372966,88.59215365345834,99.01284344400315,risky
36.872225953846566,90.0,97.84826446844731,normal
33.793730645674515,53.87228714279445,90.9168533012638,dangerous
36.584953303819155,60.0,96.87597897123595,normal
37.67680959240575,83.94093054603121,91.45006041897547,risky
36.566508582379306,73.56676204078146,95.53244083357745,normal
36.95417235489767,73.43665425551679,97.52594514891034,normal
37.01878023344813,56.091457475199384,91.88687346624128,dangerous
36.66061481081048,73.60927724698271,97.42493180731921,normal
37.43811860721516,77.75785272509648,92.73008243630001,risky
36.49757410672478,60.0,96.47272977393804,normal
37.24544978299773,52.60474471319123,96.7932600091987,risky
37.784169638015065,68.23559789930519,92.87544959476084,risky
36.2100930231872,88.44965703952258,95.34518745141747,normal
37.46361253954896,53.622448547657996,94.10311025448773,risky
36.842265874073355,60.0,97.48475157127717,normal
36.883007239799,78.61746599228819,97.01950283781686,normal
36.69051418113713,65.28632266128795,95.43278620896845,normal
36.92111902710098,71.80643514887267,95.64444720890481,normal
37.63063334206595,48.430325119509796,87.9478819615594,dangerous
36.78521959761002,54.75896959256469,96.45985293578686,risky
36.947995370264266,73.47868898955899,95.71246332972818,normal
36.441138012775795,78.50020657915358,99.03436004285624,normal
36.63077641077898,61.75756481063284,98.30868599242022,normal
37.11197140621882,67.15507568210509,99.7390145703204,normal
36.761624722555766,64.35567647519659,95.0,normal
36.67394395487124,69.74572312911594,95.0,normal
37.745603832705996,112.90904199005149,94.95861260689868,dangerous
36.73426984135734,78.63524464946791,95.0,normal
37.10294512680279,66.49479723857822,100.0,normal
37.73374013037972,54.7714988445161,95.47488753286515,risky
37.288518986938556,68.9669780721001,96.69462945984645,normal
36.804406458418754,65.72081349534209,97.97242065076578,normal
36.493162230440475,69.94098770061323,95.0,normal
37.99964742347917,62.68892497444278,97.02850951203567,risky
37.15851398867745,60.0,96.16161722909261,normal
37.53891973494571,86.29030278403295,94.84045966198465,risky
36.53047559859549,75.93535337205205,95.01965018946903,normal
36.813172702611176,98.8382995438734,95.65222671682166,risky
38.668741146886575,56.8475272556679,99.96139291201031,dangerous
36.89218985626298,78.50289695071169,97.94444326288541,normal
37.5,71.53904962373132,97.30164857007244,normal
36.78214239318146,60.0,95.46341853799856,normal
37.24135109824808,70.32541058278507,95.99639089201013,normal
36.862514842384265,60.0,96.6292339262191,normal
36.722122594590914,60.0,96.63138540387108,normal
37.16012417238333,66.74484576822883,95.4296335259771,normal
36.92051351662968,77.5211519336889,96.39816929217125,normal
38.30494495212947,88.5119401098604,94.87622867290514,risky
36.65624772864641,70.51472818668947,95.34049753899096,normal
36.971196018142244,88.47887189788584,93.4524288719304,risky
36.99541737539174,69.47784604287723,98.1384538307399,normal
36.89724990574653,70.95885556505853,97.14549394748907,normal
36.74393850675159,68.4821515338066,99.1704668265306,normal
36.483773407403504,81.38384260370138,85.96454378492476,dangerous
36.53045960546269,72.22544925895302,96.9863215050337,normal
37.18329946873652,67.26742888931336,97.82064607175505,normal
